"deployment_id","dev_id","name","sensor_status","date_updated","deploy_type","date_deployed","requested_by","date_down","replaced_by_sensor"
"floodnet-ltap-gw-5532322030005e00","floodnet-ltap-gw-5532322030005e00","FloodNet ltap -","dead",,"gateway","2024-07-18T03:38:37",,,"[]"
"floodnet-ltap-gw-553232201e001500","floodnet-ltap-gw-553232201e001500","FloodNet South Jamaica Houses","up",,"gateway","2024-07-18T03:38:37",,,"[]"
"happy_white_parrot","fs5-00697","BX - Van Cortlandt Park Greenway Bridge","good",,"pluvial","2026-06-10T11:00:00",,,"[]"
"unexpectedly-drowsy-penguin","fs5-00410","BK - E Eighth St/Kermit Pl","good",,"pluvial","2026-06-05T15:35:00",,,"[]"
"quick_black_catfish","fs3-00551","BK - E92nd St/ Ave J","good",,"pluvial","2025-10-31T12:00:00","[""dep""]",,"[]"
"floodnet-ltap-gw-5031395339664750","floodnet-ltap-gw-5031395339664750","FloodNet LTap - PS189Q - Brownsville","up",,"gateway","2024-07-18T03:38:37",,,"[]"
"whimsically-silver-otter","fs5-00453","BK - Terrace Pl/Sherman St","good",,"pluvial","2026-06-05T15:28:00",,,"[]"
"humbly-sound-zebra","fs5-00805","BK - Brooklyn Ave/St Marks Ave","good",,"pluvial","2026-03-06T11:12:00","[""nycha""]",,"[]"
"floodnet-ltap-gw-3235313237006e00","floodnet-ltap-gw-3235313237006e00","FloodNet Pioneer Works Red Hook","up",,"gateway","2024-07-18T03:38:37",,,"[]"
"floodnet-ltap-gw-323531320f005700","floodnet-ltap-gw-323531320f005700","FloodNet PS889","up",,"gateway","2024-07-18T03:38:37",,,"[]"
"floodnet-lr9-gw-3235313229006900","floodnet-lr9-gw-3235313229006900","FloodNet Gowanus LR9","up",,"gateway","2024-07-18T03:38:37",,,"[]"
"floodnet-ltap-gw-313330372b007400","floodnet-ltap-gw-313330372b007400","FloodNet/Voltaic Navy Yard (313330372b007400)","up",,"gateway","2024-07-18T03:38:37",,,"[]"
"floodnet-ltap-gw-313330372b002900","floodnet-ltap-gw-313330372b002900","FloodNet Bronx River House","up",,"gateway","2024-07-18T03:38:37",,,"[]"
"curiously-brisk-hedgehog","fs5-00475","BK - 14th Ave/44th St","good",,"pluvial","2026-06-05T15:55:00",,,"[]"
"floodnet-ltap-gw-553232201d004100","floodnet-ltap-gw-553232201d004100","Ocean Breeze Sports Complex - SI","up",,"gateway","2024-07-18T03:38:37",,,"[]"
"floodnet-ltap-gw-553232201d003500","floodnet-ltap-gw-553232201d003500","FloodNet/NYC Mesh - Vernon","up",,"gateway","2024-07-18T03:38:37",,,"[]"
"neat_gold_moth","fs3-00381","BX - Newman Ave/ Gildersleeve Ave","good",,"pluvial","2025-11-14T12:00:00",,,"[]"
"delightfully-mischievous-alpaca","fs5-00467","BK - Avenue L/E 24th St","good",,"pluvial","2026-06-05T16:02:00",,,"[]"
"good_yellow_stingray","fs5-00434","BX - Van Cortlandt Park Nature Trail","good",,"pluvial","2026-06-10T11:13:00",,,"[]"
"elegantly-rustic-fox","fs5-00464","BK - Rugby Rd/Cortelyou Rd","good",,"pluvial","2026-06-05T15:46:00",,,"[]"
"subtly-grand-weasel","fs3-00140","BX - College Ave/E 165th St","dead","2026-06-10T22:03:40.891Z","pluvial","2024-08-22T12:15:00","[""dep""]","2026-06-10T18:03:38","[]"
"unduly_mature_bunny","fs5-00824","BX - Harrod Pl/Morrison Ave","noisy","2026-06-10T21:11:31.900Z","pluvial","2024-05-09T00:00:00","[""community""]",,"[]"
"sharply-daring-swift","fs5-00746","BX - Crotona Park N/Clinton Ave","dead","2026-06-10T20:56:12.478Z","pluvial","2026-05-22T16:11:00","[""resident""]",,"[]"
"healthily-aqua-trout","fs5-00676","BX - LaFontaine Ave/E 178th St","dead","2026-06-10T20:55:31.819Z","pluvial","2026-05-22T16:05:00",,,"[]"
"Wonderfully-adept-chihuahua","fs5-00691","BX - Washington Ave/E 175th Ave","hardware_issue","2026-06-10T20:54:48.410Z","pluvial","2026-05-22T15:55:00",,,"[]"
"firmly_sharp_mullet","fs5-00791","BX - Cedar Ave/W 179th St","low_charge","2026-06-10T19:44:43.788Z","pluvial","2024-05-09T00:00:00","[""dep""]","2026-06-10T15:44:41","[]"
"purely-finer-beagle",,"BX - Webster Ave/E 166th St","needs_sensor","2026-06-10T19:27:56.408Z","pluvial","2024-08-22T15:03:00","[""nycem""]","2026-05-23T15:27:00","[]"
"externally-cuddly-termite","fs5-00842","BX - Webster Ave/Mosholu Pkwy S","dead","2026-06-10T19:22:14.798Z","pluvial","2025-03-27T11:33:00",,,"[]"
"doubtfully_popular_fawn","fs3-00045","Q - Kissena Blvd/ Rose Ave","dead","2026-06-10T18:33:05.727Z","pluvial","2023-11-16T00:00:00","[""dep""]",,"[]"
"separately-many-mole","fs3-00332","BX - E 208th St/Bainbridge Ave","dead","2026-06-10T18:18:21.929Z","pluvial","2025-03-27T11:28:00",,"2026-06-10T14:18:19","[]"
"lame_wicked_maid","fs5-00622","BX - Ditmars St/Hunter Ave 2","hardware_issue","2026-06-10T16:23:28.848Z","coastal","2023-10-12T00:00:00","[""community""]",,"[]"
"fluttering_massive_faucet","fs5-00611","BX - Cross St/Minnieford Ave","noisy","2026-06-10T16:22:20.309Z","coastal","2023-10-12T00:00:00","[""community ""]",,"[]"
"mutually-obliging-octopus","fs5-00713","BX - City Island Bridge (Eastbound)","dead","2026-06-10T15:49:01.560Z","pluvial","2026-04-24T12:00:00","[""City Island Rising""]","2026-06-10T11:48:59","[]"
"tiny_blue_impala","fs5-00670","BX - Furman Ave/ E240th St","dead","2026-06-10T15:20:19.733Z","pluvial","2025-10-24T12:00:00","[""dep"",""mta""]",,"[]"
"suddenly-fit-gobbler","fs5-00642","BX - E178th St/Daly Ave","good","2026-06-09T20:50:52.640Z","pluvial","2026-05-22T16:16:00","[""resident""]",,"[]"
"nicely_great_perch","fs3-00146","BK - Avenue P/E 9th St","good","2026-06-09T20:33:43.172Z","pluvial","2024-08-15T12:09:00","[""nycem""]",,"[]"
"evenly_cute_tomcat","fs5-00887","Q - 169th St/Sayres Ave","dead","2026-06-09T19:19:18.013Z","pluvial","2023-09-21T00:00:00","[""dep""]",,"[]"
"openly_driven_tarpon","fs-00019","BK - Dwight St/King St","noisy","2026-06-09T15:55:33.523Z","pluvial","2022-02-18T00:00:00","[""community""]",,"[]"
"light_maroon_penguin","fs-00065","BK - Kent Ave/Wallabout St","noisy","2026-06-09T15:53:35.177Z","pluvial","2023-03-09T00:00:00","[]",,"[]"
"happily-green-goose","fs5-00429","Q - St James Ave/Queens Blvd","good","2026-06-09T15:51:34.208Z","pluvial","2026-06-05T14:24:00",,,"[]"
"adequately-effective-muskrat","fs5-00493","Q - 61st St/Broadway","good","2026-06-09T15:50:46.247Z","pluvial","2026-06-05T14:13:00",,,"[]"
"aerobically-joyful-gecko","fs5-00461","Q - Laurel Hill/64th St","good","2026-06-09T15:49:55.906Z","pluvial","2026-06-05T14:20:00",,,"[]"
"friendly-inviting-deer","fs5-00624","SI - Laredo Ave/Pompey Ave","noisy","2026-06-09T15:48:42.143Z","pluvial","2025-10-17T13:00:00",,,"[]"
"abruptly-hurried-koala","fs5-00489","Q - Laurel Hill Blvd/96th Rd","good","2026-06-09T15:42:31.802Z","pluvial","2026-06-05T14:06:00",,,"[]"
"nicely-emerging-escargot","fs5-00674","BK - Howard Ave/ Macon St","good","2026-06-09T15:39:54.660Z","pluvial","2025-10-10T09:35:00","[""dep""]",,"[]"
"daily_merry_racer","fs3-00197","BK - Vermont St/Stanley Ave","good","2026-06-09T15:36:49.485Z","pluvial","2024-08-23T03:38:00",,,"[]"
"factually-normal-lynx","fs5-00603","M - E 79th St/ 1st Ave","noisy","2026-06-09T15:33:05.779Z","pluvial","2025-02-07T14:16:00",,,"[]"
"ghastly-credible-bluegill","fs5-00661","Q - Bell Blvd / Northern Blvd ","noisy","2026-06-09T15:27:36.239Z","pluvial","2025-09-11T12:31:00",,,"[]"
"daily_ace_bear","fs3-00447","BK - Blake Ave/Strauss St","noisy","2026-06-09T15:24:59.841Z","pluvial","2023-05-24T00:00:00","[]",,"[]"
"lately_tender_jackal","fs5-00812","Q - 50th Ave/65th Pl","good","2026-06-09T15:01:29.581Z","pluvial","2024-05-03T00:00:00","[""dep""]",,"[]"
"notably-causal-goshawk","fs5-00487","SI - Boundary Ave/ Lincoln Ave","low_charge","2026-06-09T14:51:10.267Z","coastal","2026-05-29T10:52:00","[""Ricardo""]",,"[]"
"kindly_wanted_skunk","fs3-00349","BK - Neptune Ave W 35th St","dead","2026-06-09T14:42:15.382Z","pluvial","2024-06-20T00:00:00","[""dep""]",,"[]"
"purely_tight_gannet","fs3-00378","Q - 100th St/34th Ave","dead","2026-06-09T14:28:31.339Z","pluvial","2024-05-02T00:00:00","[""community""]",,"[]"
"mostly_happy_beagle","fs3-00144","Q - Queens Blvd/Broadway","dead","2026-06-09T14:21:29.359Z","pluvial","2024-08-14T14:00:00","[""dep"",""MTA""]",,"[]"
"daily_joint_husky","fs5-00424","Q - Roosevelt Ave/63rd St","good","2026-06-08T18:18:14.310Z","pluvial","2024-08-22T11:02:00","[""Office of Assemblymember Steven Raga""]",,"[]"
"hard_gold_cobra","fs5-00485","Q - 48th St / 47th Ave","good","2026-06-08T18:11:13.626Z","pluvial","2025-08-29T12:15:00",,,"[]"
"gnarly_clever_coyote","fs5-00456","Q - 30th Pl/ 47th Ave","good","2026-06-08T18:03:43.381Z","pluvial","2024-06-06T00:00:00","[]",,"[]"
"tender_gold_goose","fs5-00490","Q - 54th Ave / Second St","good","2026-06-08T18:01:44.631Z","pluvial","2025-08-29T11:57:00",,,"[]"
"unlucky_gold_bird","fs5-00473","BK - E 17th St/Elm Ave","good","2026-06-08T17:08:53.311Z","pluvial","2025-09-18T14:26:00",,,"[]"
"spotty_brown_bobcat","fs5-00469","BK - 2nd Ave/49th St","needs_sensor","2026-06-08T17:06:47.121Z","pluvial","2025-09-17T10:26:00",,,"[]"
"solely_on_tahr","fs-00108","BK - Ditmas Ave/Westminster Rd","good","2026-06-03T20:55:49.092Z","pluvial","2023-10-20T00:00:00","[]",,"[]"
"mainly_kind_boxer","fs-00075","BK - Kingston Ave/Rutland Rd ","good","2026-06-03T20:53:27.549Z","pluvial","2023-05-24T00:00:00","[]",,"[]"
"early_still_frog","fs-00020","BK - Lorraine St/Henry St","good","2026-06-03T20:52:47.696Z","pluvial","2022-02-18T00:00:00","[""community""]",,"[]"
"wholly_fast_colt","fs-00112","BK - Ocean Ave/Dorchester Rd","good","2026-06-03T20:52:20.151Z","pluvial","2023-10-20T00:00:00","[]",,"[]"
"mean_flying_fish","fs-00064","BK - Wallabout St/Throop Ave","good","2026-06-03T20:51:57.537Z","pluvial","2023-03-09T00:00:00","[""dep""]",,"[]"
"clearly_bored_turtle","fs-00061","BK - Walton St/Marcy Ave","good","2026-06-03T20:51:35.553Z","pluvial","2023-03-09T00:00:00","[]",,"[]"
"total_melt_deer","fs-00053","BK - Wythe Ave/Wallabout St","good","2026-06-03T20:49:37.503Z","pluvial","2023-03-09T00:00:00","[]",,"[]"
"slowly_fast_sawfly","fs-00017","BX - Sheridan Bl/173rd St","good","2026-06-03T20:49:09.084Z","pluvial","2022-02-11T00:00:00","[""community""]",,"[]"
"lonely_quiet_bear","fs-00050","Q - 161st Ave/99th St","good","2026-06-03T20:48:41.256Z","coastal","2023-03-17T00:00:00","[]",,"[]"
"big_pink_elephant","fs-00058","Q - 1st St/104th St","good","2026-06-03T20:48:20.701Z","coastal","2023-03-17T00:00:00","[]",,"[]"
"random_stuck_buffalo","fs-00063","Q - Beach 72nd St/Almeda Ave","good","2026-06-03T20:47:50.445Z","coastal","2023-03-17T00:00:00","[""community""]",,"[]"
"asleep_apricot_bedbug","fs-00031","SI - Willow Rd E/Nina Ave","good","2026-06-03T20:47:21.067Z","pluvial","2022-07-22T00:00:00","[]",,"[]"
"truly_set_thrush","fs3-00170","SI - Haven Ave/ Adam Ave","good","2026-06-03T20:37:58.989Z","pluvial","2024-01-29T00:00:00","[""dep""]",,"[]"
"simply_sweet_shad","fs3-00143","Q - 98th St/Alstyne Ave","good","2026-06-03T20:36:35.259Z","pluvial","2024-08-14T12:00:00","[""dep""]",,"[]"
"loudly_key_quagga","fs3-00225","Q - 1st St/Rockaway Blvd","good","2026-06-03T20:35:39.543Z","pluvial","2024-09-19T11:06:00","[""community""]",,"[]"
"yearly-hardy-sloth","fs3-00157","BX - Edgewater Rd/Seneca Ave","good","2026-06-03T20:34:50.472Z","pluvial","2024-08-22T14:08:00","[""dep""]",,"[]"
"loudly_subtle_collie","fs3-00323","BK - Mermaid Ave/W 32nd St","good","2026-06-03T20:33:55.079Z","pluvial","2024-10-31T12:26:00","[""community""]",,"[]"
"closely_muddy_scurvy","fs3-00340","Q - 30th Ave/89th St","good","2026-06-03T20:32:52.891Z","pluvial","2024-01-12T00:00:00","[""dep""]",,"[]"
"dryly_receptive_rabbit","fs3-00256","Q - Beach 35 St/Beach Channel Dr","good","2026-06-03T20:31:40.124Z","coastal","2023-12-19T00:00:00","[""community""]",,"[]"
"definitely-neat-hippo","fs3-00230","Q - Brookville Blvd/ Snake Rd 1","good","2026-06-03T20:30:33.951Z","coastal","2024-10-10T10:00:00",,,"[]"
"nicely_brief_dory","fs5-00631","Q - 159th St/109th Ave","good","2026-06-03T20:20:47.280Z","pluvial","2023-09-21T00:00:00","[]",,"[]"
"exactly-harmless-slug","fs5-00862","Q - 24th Rd/160th St","good","2026-06-03T20:19:56.700Z","pluvial","2026-02-19T10:46:00",,,"[]"
"broadly-simple-macaw","fs5-00784","Q - Linden Pl/ 28th Ave","good","2026-06-03T20:19:21.470Z","pluvial","2025-09-11T12:11:00",,,"[]"
"notably-touched-sailfish","fs5-00628","Q - Roosevelt Ave/Prince St","good","2026-06-03T20:17:27.389Z","pluvial","2026-02-19T10:37:00",,,"[]"
"unduly-current-coyote","fs5-00619","Q - 44th Ave/111th St","good","2026-06-03T20:15:54.230Z","pluvial","2026-02-19T10:31:00",,,"[]"
"oddly_prompt_stud","fs3-00137","Q - 48th Ave/108th St","good","2026-06-03T20:14:57.612Z","pluvial","2024-08-14T10:00:00","[""community""]",,"[]"
"newly_humble_quail","fs5-00895","Q - 51st Ave/71st St","good","2026-06-03T20:14:23.681Z","pluvial","2024-08-14T16:00:00","[""dep""]",,"[]"
"terminally-united-boxer","fs5-00737","M - Thompson St/Grand St","good","2026-06-03T20:13:22.108Z","pluvial","2026-02-12T12:24:00",,,"[]"
"likely-well-thrush","fs5-00419","SI - McLaughlin St/Agnes Pl","good","2026-06-03T20:11:48.826Z","coastal","2023-03-24T00:00:00","[]",,"[]"
"truly-immune-werewolf","fs5-00763","BX - Morris Park Ave/ Radcliff Ave","good","2026-06-03T20:08:35.522Z","pluvial","2024-11-14T12:40:00","[""AKRF"",""Cloudburst""]",,"[]"
"briefly-model-hamster","fs5-00488","M - Catherine Slip/Catherine St","good","2026-06-03T20:06:51.232Z","pluvial","2026-02-12T12:08:00",,,"[]"
"scarcely-elegant-emu","fs5-00654","M - Market Slip/South St","good","2026-06-03T20:06:04.130Z","pluvial","2026-02-12T12:17:00",,,"[]"
"nationally-simple-peacock","fs5-00753","M - Delancey St/FDR Dr","good","2026-06-03T20:03:42.005Z","pluvial","2026-02-12T12:31:00",,,"[]"
"readily-joyful-octopus","fs5-00907","Q - W16th Rd/Cross Bay Blvd","noisy","2026-06-03T19:40:47.670Z","coastal","2026-04-24T14:04:00","[""resident""]",,"[]"
"kindly_expert_cobra","fs3-00215","SI - Olympia/ Slater Blvd","noisy","2026-06-03T15:57:12.828Z","coastal","2023-09-07T00:00:00","[""dep""]",,"[]"
"oddly_valid_asp","fs3-00287","SI - Hylan Blvd/ Jefferson Blvd","signal","2026-06-03T15:49:10.973Z","coastal","2023-12-01T00:00:00","[]",,"[]"
"widely_mint_rabbit","fs5-00898","SI - Bedford Ave/Kiswick St","good","2026-06-03T15:43:53.275Z","coastal","2023-09-07T00:00:00","[""dep""]",,"[]"
"purely_fancy_kite","fs5-00836","SI - Grimsby St/ Mapleton Ave","good","2026-06-03T15:16:25.849Z","coastal","2023-05-19T00:00:00","[""dep""]",,"[]"
"widely_full_weevil","fs5-00722","SI - Olympia Blvd/ Mapleton Ave","good","2026-06-03T15:14:44.133Z","coastal","2023-05-19T00:00:00","[""dep""]",,"[]"
"zestfully-whole-fox","fs5-00729","M - Lexington Ave/E 26th St","reposition_requested","2026-06-02T20:34:36.549Z","pluvial","2025-10-10T10:54:00",,,"[]"
"poorly_sunny_earwig","fs5-00484","SI - Quincy Ave/Iona St","good","2026-06-02T19:57:38.578Z","coastal","2023-05-19T00:00:00","[]",,"[]"
"plastic_navy_swan","fs5-00501","BK - Coney Island Ave/Caton Ave","good","2026-06-02T19:53:40.977Z","pluvial","2025-09-18T14:08:00",,,"[]"
"quarrelsomely_vacuous_starfish","fs5-00795","SI- Richmond Ter/Lafayette Ave","good","2026-06-02T19:13:29.259Z","pluvial","2026-03-20T11:43:00",,,"[]"
"highly_master_pony","fs5-00437","SI - Boundary Ave/ Hull Ave","good","2026-06-02T19:07:27.265Z","pluvial","2023-05-19T00:00:00","[""dep""]",,"[]"
"multiply-well-giraffe","fs5-00481","SI - Midland Ave/ Boundary Ave","good","2026-06-02T19:06:03.663Z","coastal","2026-05-29T10:47:00","[""Ricardo""]",,"[]"
"highly_comic_akita","fs5-00457","SI - Baden Pl/ Mapleton Ave","good","2026-06-02T19:04:26.310Z","coastal","2023-05-19T00:00:00","[""dep""]",,"[]"
"sincerely-grateful-kite","fs3-00318","Q - Cresent St/ Hoyt Ave","signal","2026-06-02T18:58:56.879Z","pluvial","2025-02-27T12:00:00","[""dep""]",,"[]"
"old_blue_treefrog","fs3-00217","SI - Saybrook St/Croft Pl","noisy","2026-06-01T19:09:06.890Z","pluvial","2025-10-24T12:12:00",,,"[]"
"positively-blessed-mosquito","fs5-00686","BK - W 12th St/Ave X","unknown","2026-06-01T18:42:22.302Z","pluvial","2026-04-15T11:36:00",,,"[]"
"dearly_stupendous_puma","fs5-00792","SI - Bay St/Baltic St","good","2026-06-01T16:40:30.172Z","pluvial","2026-03-20T11:37:00",,,"[]"
"tricky_indigo_newt","fs5-00770","BK - Jewel St/ Greenpoint Ave","dead","2026-06-01T16:31:48.561Z","pluvial","2025-08-29T11:51:00",,,"[]"
"forcibly-excited-jennet","fs5-00659","BK - Atlantic Ave/ Fort Greene Pl","dead","2026-06-01T16:29:29.992Z","pluvial","2026-01-22T09:53:00",,,"[]"
"lovely_indigo_panther","fs5-00714","BX - Metropolitan Ave/Linden Dr","good","2026-06-01T16:27:54.667Z","pluvial","2025-09-25T11:26:00",,,"[]"
"gently_fun_gator","fs3-00526","BK - Church Ave/E 53rd St","good","2026-06-01T16:15:33.623Z","pluvial","2024-08-23T03:38:00",,,"[]"
"slowly-normal-swan","fs5-00683","SI - Doty Ave/Father Capodanno Blvd","good","2026-06-01T15:50:50.094Z","coastal","2026-05-08T11:45:00",,,"[]"
"noticeably-safe-swine","fs3-00209","BK - Newel Ave/ Meserole St","noisy","2026-06-01T14:48:25.700Z","pluvial","2025-07-24T12:00:00",,,"[]"
"possibly-positive-jawfish",,"Q - Brookville Blvd/ Snake Rd 2","needs_driverail","2026-05-28T20:50:50.174Z","coastal","2024-10-10T10:18:00","[""dep"",""community""]",,"[]"
"rarely_pet_marmot",,"SI - Fabian St/Sneden Ave","needs_sensor","2026-05-28T20:28:17.839Z","pluvial","2024-08-08T03:38:00","[""dep"",""MTA""]",,"[]"
"useless_crimson_rook","fs3-00199","SI - Jewett Ave/Castleton Ave","signal","2026-05-28T19:39:00.179Z","pluvial","2022-07-22T00:00:00","[]",,"[]"
"hardly_graceful_bison","fs3-00343","BK - Richardson St/N 11th St","good","2026-05-28T18:40:41.665Z","pluvial","2024-06-06T00:00:00",,,"[]"
"gladly_kind_mullet","fs3-00308","M - W 125th St/12th Ave","signal","2026-05-28T18:12:43.607Z","pluvial","2024-07-03T15:13:00","[""dep""]",,"[]"
"sincerely-kind-bass","fs3-00304","Q - 31st Ave/ 32nd St","signal","2026-05-28T18:12:32.403Z","pluvial","2025-02-27T12:00:00","[""dep""]",,"[]"
"blue_eyed_tiger","fs5-00745","BK - Lee Ave/Middleton St","hardware_issue","2026-05-27T19:32:54.806Z","pluvial","2023-03-09T00:00:00","[]",,"[]"
"purely_trusty_hare","fs3-00331","M - E Houston St/Baruch Dr","low_charge","2026-05-27T19:24:17.766Z","pluvial","2024-07-24T03:38:00","[""dep""]",,"[]"
"formerly-brave-marten","fs5-00762","BX - Fairfield Ave/ W231st St","good","2026-05-27T19:15:53.069Z","pluvial","2026-04-24T12:00:00","[""dep""]",,"[]"
"mostly_sunny_weasel","fs3-00372","BK - Flatlands Ave/E 80th St","signal","2026-05-27T19:12:44.031Z","pluvial","2024-04-18T00:00:00","[""community ""]",,"[]"
"vastly_main_lion","fs5-00744","M - E 122nd St/3rd","low_charge","2026-05-27T19:08:28.509Z","pluvial","2022-11-13T03:38:37","[""dep""]",,"[]"
"mildly_calm_ibex","fs-00006","Q - Davenport Ct 1","noisy","2026-05-27T18:52:59.571Z","coastal","2021-03-05T00:00:00","[""community""]",,"[]"
"extremely-glad-lion","fs5-00645","BX - Bronx St/E Tremont Ave","good","2026-05-26T18:30:54.475Z","pluvial","2026-05-22T16:21:00","[""resident""]",,"[]"
"generally_enormous_panda","fs3-00383","BK - Knickerbocker Ave/Palmetto St","good","2026-05-26T18:28:28.331Z","pluvial","2023-11-16T00:00:00","[""dep""]",,"[]"
"duly_pro_vervet","fs3-00379","Q - Russell St 1","dead","2026-05-26T18:25:41.848Z","coastal","2021-03-05T00:00:00","[""community""]",,"[]"
"unduly_simple_wombat","fs3-00273","Q - Deerfield Rd/Beach 28th St","dead","2026-05-26T18:20:40.720Z","coastal","2024-07-19T12:15:00","[""community""]",,"[]"
"truly_chief_deer","fs5-00856","M - Broadway/W 157th St","needs_ota_update","2026-05-23T20:26:33.758Z","pluvial","2024-05-10T00:00:00","[""dep""]",,"[]"
"rotten_black_cougar","fs5-00857","BX - Webster Ave/E 174th St","good","2026-05-23T19:53:20.954Z","pluvial","2025-09-25T12:00:00",,,"[]"
"lively_fancy_pup","fs5-00605","M - Lafayette St/White St","good","2026-05-23T01:56:59.181Z","pluvial","2024-07-24T03:38:00","[""dep""]",,"[]"
"smooth_red_panda","fs5-00650","M - W 42nd St/11th Ave","good","2026-05-23T01:56:12.332Z","pluvial","2025-11-07T12:09:00",,,"[]"
"popular_white_mule","fs5-00738","M - W 24th St/12th Ave","good","2026-05-23T01:55:23.849Z","pluvial","2025-11-07T11:57:00",,,"[]"
"unduly_flying_hog","fs3-00124","BK - Nautilus Ave/Surf Ave","signal","2026-05-22T20:13:37.938Z","pluvial","2024-08-07T03:38:00","[""community""]",,"[]"
"adequately-legible-skink","fs5-00905","BK - Loring Ave/Autumn Ave","good","2026-05-22T13:49:19.107Z","pluvial","2026-04-10T12:00:00","[""nycha""]",,"[]"
"literally-accurate-piglet","fs5-00428","BK - Tillary St / Navy St ","retired","2026-05-21T14:45:18.512Z","pluvial","2025-08-13T12:54:00",,"2026-05-15T12:00:00","[]"
"morally-outgoing-monarch","fs3-00300","SI - Myrtle Ave / N Burgher Ave","dead","2026-05-21T14:29:57.072Z","pluvial","2025-02-19T16:28:00",,,"[]"
"yearly_frank_mullet","fs3-00449","Q - 183rd St/90th Ave","noisy","2026-05-21T13:50:00.549Z","pluvial","2023-10-26T00:00:00","[""community""]",,"[]"
"solely_strong_eft","fs3-00302","M - 10th Ave/ W 211th St","dead","2026-05-20T20:56:19.880Z","pluvial","2024-07-02T14:58:00","[""dep""]",,"[]"
"reasonably-immune-leech","fs5-00669","BK - Bath Ave/ Bay 46th St","good","2026-05-20T18:45:53.403Z","pluvial","2026-04-15T11:41:00","[""nycha""]",,"[]"
"easily_immune_glider","fs3-00147","BK - Avenue Y/E 14th St","good","2026-05-20T18:39:23.237Z","pluvial","2024-08-15T12:03:00","[""community""]",,"[]"
"grumpy_white_newt","fs5-00712","M - W 29th St/12th Ave","good","2026-05-20T18:35:59.751Z","pluvial","2025-11-07T12:01:00",,,"[]"
"carefully-new-lion","fs5-00502","BK - Halsey St/ Throop Ave","noisy","2026-05-20T18:35:30.925Z","pluvial","2025-10-10T12:19:00","[""dep""]",,"[]"
"lovingly-enchanting-dromedary","fs5-00471","M - 3rd Ave/E 25th St","needs_ota_update","2026-05-20T18:23:54.258Z","pluvial","2025-10-10T10:46:00",,,"[]"
"proud_green_ladybug","fs5-00459","BK - Caton Ave/E Eighth St","good","2026-05-20T18:12:49.894Z","pluvial","2025-09-18T14:03:00",,,"[]"
"presumably-suited-lobster","fs5-00433","BK - Marcy Ave/Hopkins St","good","2026-05-20T16:41:56.342Z","pluvial","2024-12-19T03:38:00",,,"[]"
"weekly_exact_condor","fs5-00739","Q - 108th Ave/159th St","noisy","2026-05-20T16:24:22.830Z","pluvial","2023-09-21T00:00:00","[]",,"[]"
"Abruptly-delayed-doormouse","fs5-00754","BK - Main St/Plymouth St","good","2026-05-19T20:08:05.208Z","pluvial","2026-05-15T15:07:00","[""resident""]",,"[]"
"abruptly-malicious-stoat","fs5-00885","BK - Central Ave/Woodbine St","good","2026-05-19T20:04:41.170Z","pluvial","2026-05-15T06:14:00","[""dep"",""CM Nurse""]",,"[]"
"pristinely-derelict-rabbit","fs5-00756","BK - Eldert St/Evergreen Ave","good","2026-05-19T20:02:20.404Z","pluvial","2026-05-15T06:20:00","[""dep"",""CM Nurse"",""resident""]",,"[]"
"previously-bursting-bird","fs5-00651","SI - Sand Ln/Sunnymeade Village","good","2026-05-19T19:58:40.039Z","coastal","2026-05-08T11:50:00",,,"[]"
"verbally-ultimate-elf","fs5-00740","SI - Nugent Ave/Quintard St","good","2026-05-19T19:56:25.031Z","coastal","2026-05-08T11:55:00",,,"[]"
"mostly-driving-yeti","fs5-00736","BK - Saratoga Ave/Bainbridge St","good","2026-05-19T19:41:46.971Z","pluvial","2026-03-06T11:25:00",,,"[]"
"pretty_violet_turkey","fs3-00550","M - Sherman Ave/Academy St","noisy","2026-05-19T19:40:49.620Z","pluvial","2025-10-31T12:24:00",,,"[]"
"sadly-direct-walrus","fs3-00222","SI - Rector St/Richmond Terr","dead","2026-05-19T19:20:04.772Z","coastal","2023-03-24T00:00:00","[]",,"[]"
"illegally-rested-cow","fs3-00162","Q - 78th St/ Atlantic Ave","dead","2026-05-19T19:16:49.199Z","pluvial","2025-03-13T14:45:00",,,"[]"
"personally-wondrous-antelope","fs5-00465","BK - Putnam Ave / Franklin Ave","dead","2026-05-19T18:38:47.040Z","pluvial","2025-08-13T12:31:00",,,"[]"
"oddly_eager_hen","fs5-00789","Q - Beach 42nd St/Beach Channel Dr","dead","2026-05-19T18:38:23.773Z","coastal","2024-07-19T12:11:00","[""community""]",,"[]"
"friendly-closing-ram","fs5-00875","BK - Oriental Blvd/Ocean Ave","dead","2026-05-19T18:36:47.072Z","pluvial","2026-03-12T15:37:00",,,"[]"
"briskly_unsightly_tiger","fs5-00719","SI - Richmond Terr/Port Ln","dead","2026-05-19T18:35:34.904Z","pluvial","2026-03-20T11:59:00",,,"[]"
"gladly_pretty_magpie","fs5-00711","Q - 164 Pl/109th Ave","dead","2026-05-19T18:34:36.461Z","pluvial","2023-09-21T00:00:00","[""dep""]",,"[]"
"greedily_unhealthy_sheep","fs5-00678","Q - Redfern Ave/Hassock St","dead","2026-05-19T18:34:23.061Z","coastal","2026-03-27T22:43:00",,,"[]"
"reliably-darling-koala","fs5-00716","BK - Shore Pkwy/W Sixth St","dead","2026-05-19T18:34:11.064Z","pluvial","2026-03-12T15:22:00",,,"[]"
"clearly-fine-basilisk","fs5-00660","BK - W 31st Ave/Neptune Ave ","dead","2026-05-19T18:33:55.772Z","pluvial","2026-03-12T15:26:00",,,"[]"
"oddly_ratty_gorilla","fs5-00813","Q - Battery Rd/Chandler St ","dead","2026-05-19T15:53:59.374Z","coastal","2026-03-27T22:50:00","[""MOCEJ""]",,"[]"
"generally-measured-sheepdog","fs5-00638","BK - Lott Ave/Thatford Ave","good","2026-05-19T10:33:37.074Z","pluvial","2026-03-06T12:44:00",,,"[]"
"sensibly-relaxing-stork","fs5-00809","BK - Linden Blvd/Vermont St","good","2026-05-19T10:32:42.267Z","pluvial","2026-03-06T12:51:00",,,"[]"
"properly-pro-wallaby","fs5-00859","BK - Georgia Ave/ Livonia Ave ","good","2026-05-19T10:32:02.513Z","pluvial","2026-03-06T12:58:00",,,"[]"
"basically-great-roughy","fs5-00803","BK - Halsey St/Saratoga Ave","good","2026-05-19T10:27:27.401Z","pluvial","2026-03-06T11:19:00",,,"[]"
"precisely-joint-dragon","fs5-00652","BK - Jefferson Ave/ Marcus Garvey Blvd","good","2026-05-18T19:41:29.258Z","pluvial","2025-10-10T10:27:00",,,"[]"
"slightly-one-longhorn","fs5-00640","BK - Greene Ave / Grand Ave","good","2026-05-18T18:25:05.117Z","pluvial","2025-08-13T12:42:00",,,"[]"
"hastily_private_jerboa","fs5-00601","SI - Eton Pl/Richmond Ave","dead","2026-05-18T18:16:30.832Z","pluvial","2026-03-20T12:08:00","[""parks""]",,"[]"
"cruelly_sore_cat","fs5-00815","SI - Barrett Ave/Forest Ave","dead","2026-05-18T18:12:44.717Z","pluvial","2026-03-20T12:03:00",,,"[]"
"eagerly_militant_sloth","fs5-00777","SI - Maple Ave/Grove Ave","dead","2026-05-14T14:29:51.079Z","pluvial","2026-03-20T11:51:00",,,"[]"
"early-positive-possum","fs5-00876","BK - Stillwell Ave/Neptune Ave","dead","2026-05-14T14:17:26.697Z","pluvial","2026-03-12T15:16:00","[""MOCEJ""]",,"[]"
"visually-endless-martin","fs5-00614","SI - Boundary Ave/Hamden Ave","good","2026-05-11T19:39:58.905Z","coastal","2026-05-08T12:00:00",,,"[]"
"tidy_green_gecko","fs5-00420","BX - Radcliffe Ave/Van Nest Ave","good","2026-05-11T16:28:22.509Z","pluvial","2025-09-25T11:22:00",,,"[]"
"mostly_equal_moth","fs3-00342","Q - Hobart St/31st Ave","signal","2026-05-11T16:26:53.277Z","pluvial","2024-08-22T10:56:00","[""dep""]",,"[]"
"poorly-faithful-pangolin","fs5-00860","Q - 205th St/ 90th Ave","noisy","2026-05-11T16:23:58.268Z","pluvial","2025-10-17T14:57:00",,"2025-10-23T12:00:00","[]"
"unduly_wanted_shad","fs3-00141","Q - 160th St/72nd Ave","dead","2026-05-11T15:15:24.503Z","pluvial","2023-10-26T00:00:00","[""dep""]",,"[]"
"apparently-darling-gecko","fs3-00286","BX - Tibbett Ave/W 234th St","good","2026-05-06T19:39:29.436Z","pluvial","2025-03-27T11:01:00",,,"[]"
"eccentrically-plum-hare","fs5-00613","BX - Rosedale Ave/Lacombe Ave","good","2026-05-05T16:09:56.865Z","pluvial","2026-05-01T09:57:00","[""resident""]",,"[]"
"strangely-precise-cricket","fs3-00554","Q - Springfield Blvd/ Murdock Ave","noisy","2026-05-05T15:27:31.123Z","pluvial","2025-10-17T12:00:00","[""dep""]",,"[]"
"Sadly-blue-beetle","fs5-00672","Q - Beach 137th St/Newport Ave","good","2026-05-04T16:37:41.687Z","pluvial","2026-04-24T13:00:00","[""resident""]",,"[]"
"ecstatically-elastic-goose","fs5-00662","BX - Zerega Ave/Seward Ave","good","2026-05-04T16:36:53.578Z","pluvial","2026-05-01T10:01:00","[""resident""]",,"[]"
"funnily-mauve-ferret","fs5-00828","BX - Story Ave/Thieriot Ave","good","2026-05-04T16:36:02.452Z","pluvial","2026-05-01T09:52:00","[""resident""]",,"[]"
"electrically-composed-marmot","fs5-00707","BX - Soundview Ave/ Noble Ave","good","2026-05-04T16:35:29.755Z","pluvial","2026-05-01T09:51:00","[""resident""]",,"[]"
"violently-emerging-oyster","fs3-00303","BK - Logan St/Etna St","noisy","2026-05-04T16:17:08.682Z","pluvial","2025-03-13T14:50:00",,,"[]"
"overly-useful-adder","fs5-00817","Q - 150th St/94th Ave","good","2026-05-04T16:02:06.212Z","pluvial","2026-04-29T11:33:00","[""mocej""]",,"[]"
"happily-intimate-salmon","fs5-00694","BK - Bay Pkwy/Shore Pkwy","good","2026-05-04T15:58:32.536Z","pluvial","2026-04-15T11:50:00",,,"[]"
"openly-fancy-flamingo","fs5-00625","BK - Ave V/ Stillwell Ave ","good","2026-05-04T15:55:19.980Z","pluvial","2026-04-15T11:46:00","[""nycha""]",,"[]"
"widely-just-bat","fs3-00370","Q - 169th St/Underhill Ave","dead","2026-05-04T15:48:48.552Z","pluvial","2024-09-05T03:38:00",,,"[]"
"nearly-uncommon-shark","fs5-00664","Q - Gothic Dr/167th St","good","2026-05-04T15:27:06.112Z","pluvial","2026-04-30T12:00:00","[""dep""]",,"[]"
"humbly-stirring-koi","fs5-00698","Q - Hillside Ave/161st St","good","2026-05-04T15:25:54.932Z","pluvial","2026-04-30T12:00:00","[""dep""]",,"[]"
"socially-caring-sunbird","fs5-00873","Q - Liberty Ave/ 183rd St","good","2026-05-04T14:35:11.608Z","pluvial","2025-10-17T12:00:00","[""Researcher""]",,"[]"
"modern_teal_warthog","fs5-00633","Q - 160th St/Brinkerhoff Ave","good","2026-05-04T14:23:14.435Z","pluvial","2025-09-17T16:06:00",,,"[]"
"weekly_fair_dove","fs5-00771","BX - Colgate Av/Westchester Av","good","2026-05-04T13:43:30.318Z","pluvial","2022-02-11T00:00:00","[""community""]",,"[]"
"poorly_many_snake","fs3-00350","BK - 16th Ave/80th St","noisy","2026-04-29T14:44:26.876Z","pluvial","2024-08-07T03:38:00","[""NYCEM""]",,"[]"
"happily-green-lion","fs5-00764","Q - Norton Dr/ Westbourne Ave","good","2026-04-29T14:39:41.313Z","coastal","2026-04-24T11:56:00","[""resident""]",,"[]"
"healthily-azure-coyote","fs5-00781","Q - Huxley St/Craft Ave","good","2026-04-29T14:38:20.539Z","pluvial","2026-04-24T11:47:00","[""community"",""Sandra""]",,"[]"
"mawkishly-blue-sphinx","fs5-00630","Q - 144th Ave/Springfield Blvd","good","2026-04-29T14:33:11.748Z","pluvial","2026-04-24T03:38:00","[""NYPD""]",,"[]"
"nicely-feasible-sheepdog","fs5-00799","BX - Corlear Ave/W 234th St","good","2026-04-28T16:51:45.570Z","pluvial","2025-03-27T10:54:00",,,"[]"
"fast_white_rabbit","fs5-00724","Q - Brookville Blvd/ 149th St","good","2026-04-28T16:43:29.795Z","coastal","2025-08-21T16:14:00",,,"[]"
"loud_silver_turkey","fs3-00531","Q - Craft Ave/Huxley St","good","2026-04-28T15:01:51.608Z","coastal","2025-11-21T12:00:00",,,"[]"
"surely_light_grouse","fs5-00793","Q - 24th St/Bay 24th St","good","2026-04-27T21:55:00.240Z","pluvial","2024-05-16T00:00:00","[""dep""]",,"[]"
"mostly_full_yeti","fs5-00684","Q - 145th Rd/Springfield Blvd","good","2026-04-27T21:46:23.560Z","pluvial","2024-08-14T10:55:00","[""nycem""]",,"[]"
"firstly-comic-phoenix","fs5-00766","BX - Lincoln Ave / Bruckner Blvd ","good","2026-04-27T19:49:58.855Z","pluvial","2025-09-04T13:42:00",,,"[]"
"hungrily_pointless_mink","fs5-00891","Q - Namesake Ave/Chandler St","noisy","2026-04-27T16:47:55.585Z","pluvial","2026-03-27T22:55:00",,,"[]"
"mainly_whole_slug","fs5-00750","BX - Louis Niñé Bl/Southern Bl","good","2026-04-27T15:56:33.854Z","pluvial","2022-02-11T00:00:00","[""community""]",,"[]"
"truly-moved-eft","fs5-00742","BX - Duncan St/Paulding Ave","good","2026-04-27T15:34:46.184Z","pluvial","2025-03-27T12:36:00",,,"[]"
"easily_cosmic_slug","fs5-00755","M - 126th St/7th Av","good","2026-04-27T15:00:46.601Z","pluvial","2021-12-12T00:00:00","[]",,"[]"
"jolly_tender_squid",,"BK - Henry St/Mill St","needs_sensor","2026-04-22T18:06:35.126Z","pluvial","2022-02-18T00:00:00","[""community""]",,"[]"
"spotty_white_donkey","fs5-00430","BK - Humboldt St / Norman Ave","dead","2026-04-22T14:56:54.793Z","pluvial","2025-08-29T11:34:00",,,"[]"
"separately-vast-tapir","fs5-00826","Q - 101st St/160th Ave","good","2026-04-21T16:31:41.708Z","pluvial","2026-04-03T12:00:00","[""resident""]",,"[]"
"fiscally-citrine-mouse","fs5-00720","SI - Foch Ave/Lamport Blvd","good","2026-04-21T14:37:36.762Z","pluvial","2026-04-17T15:41:00",,,"[]"
"vastly_legal_calf","fs5-00685","BK - Coney Island Ave/Brighton Beach Ave","good","2026-04-20T14:47:40.244Z","pluvial","2024-08-07T03:38:00","[""community""]",,"[]"
"partially-related-wolf","fs3-00386","SI - Castleton Ave / Caroline St","good","2026-04-20T14:42:35.620Z","pluvial","2025-02-19T16:37:00",,,"[]"
"subtly_amused_camel","fs5-00832","BK - Bay 49th St/Harway Ave","good","2026-04-20T14:41:41.784Z","pluvial","2024-06-20T00:00:00","[""nycem""]",,"[]"
"chilly_green_goat","fs3-00024","BK - Mermaid Ave/W 27th St (2)","good","2026-04-20T14:33:52.400Z","pluvial","2025-08-21T10:55:00",,,"[]"
"daily_happy_satyr","fs3-00288","Q - Beach 84 St","noisy","2026-04-20T14:30:15.643Z","coastal","2021-12-10T00:00:00","[""community""]",,"[]"
"jolly-novel-boa","fs5-00655","SI - Seaview Ave/Hylan Blvd","good","2026-04-20T14:26:25.025Z","coastal","2023-03-24T00:00:00","[]",,"[]"
"probably-guided-quail","fs5-00609","SI - Targee St/Waverly Pl","good","2026-04-19T19:37:06.238Z","pluvial","2025-02-19T16:07:00",,,"[]"
"simply_half_monkey","fs5-00811","BK - Wallabout St/Harrison Ave","good","2026-04-13T20:07:33.791Z","pluvial","2023-03-09T00:00:00","[]",,"[]"
"slowly_key_husky","fs5-00865","BK - Winthrop St/ E 94th St","good","2026-04-13T18:45:48.468Z","pluvial","2023-05-24T00:00:00","[]",,"[]"
"daily-holy-swan","fs5-00874","BK - Euclid Ave/Sutter Ave","good","2026-04-13T17:31:36.674Z","pluvial","2026-04-10T12:00:00","[""nycha""]",,"[]"
"deadly-tight-asp","fs5-00863","BK - Euclid Ave/Blake Ave","good","2026-04-13T17:31:36.674Z","pluvial","2026-04-10T12:00:00","[""nycha""]",,"[]"
"vigorously-resolved-iguana","fs5-00901","BK - Linden Blvd/Fountain Ave","good","2026-04-13T17:31:36.674Z","pluvial","2026-04-10T12:00:00","[""dep""]",,"[]"
"implicitly-selected-quagga","fs5-00855","BK - Paerdegat Ave N/Paerdegat 13th St","good","2026-04-13T17:31:36.674Z","pluvial","2026-04-10T12:00:00","[""resident""]",,"[]"
"infinitely-working-urchin","fs5-00872","BK - Ridgewood Ave/Autumn Ave","good","2026-04-13T17:31:36.674Z","pluvial","2026-04-10T12:00:00","[""resident""]",,"[]"
"deeply-tender-bengal","fs5-00835","BK - Chestnut St/ Dinsmore Pl","good","2026-04-13T17:31:36.674Z","pluvial","2026-04-10T12:00:00","[""dep""]",,"[]"
"surely-tough-leech","fs3-00448","Q - 133rd St/97th Ave","good","2026-04-13T16:06:02.450Z","pluvial","2024-09-06T03:38:00",,,"[]"
"firmly-outgoing-weevil","fs3-00207","SI - Minthorne St/ Victory Blvd","good","2026-04-13T16:03:53.965Z","pluvial","2025-02-19T16:15:00",,,"[]"
"basically-enabling-squid","fs3-00296","BX - Brady Ave/ Muliner Ave","good","2026-04-13T16:03:04.801Z","pluvial","2025-01-23T02:00:00","[""dep""]",,"[]"
"jolly-handy-chipmunk","fs5-00868","BK - Winthrop St/ E 46th St","good","2026-04-13T14:31:32.284Z","pluvial","2026-01-22T10:24:00",,,"[]"
"unlikely-devoted-hagfish","fs5-00882","BK - Rochester Ave/ Bergen St","good","2026-04-13T14:24:37.751Z","pluvial","2026-01-22T10:13:00",,,"[]"
"totally-great-bulldog","fs5-00840","BK - Brooklyn Ave/St Johns Pl","good","2026-04-13T14:17:55.153Z","pluvial","2026-01-22T10:08:00",,,"[]"
"instantly-possible-griffon","fs5-00804","BK - Tompkins Ave/ Fulton St","good","2026-04-13T14:15:28.311Z","pluvial","2025-10-10T12:42:00","[""NYPD""]",,"[]"
"hardly_usable_boxer","fs-00088","BK - Rockaway Pkwy/ Clarkson Ave","noisy","2026-04-09T20:12:45.774Z","pluvial","2023-05-24T00:00:00","[]",,"[]"
"gladly_amazed_corgi","fs3-00159","Q - Sunbury Rd/Merrick Blvd","noisy","2026-04-09T20:12:45.774Z","pluvial","2024-08-14T11:14:00","[""dep""]",,"[]"
"future_aqua_wildcat","fs-00032","SI - Lyon Pl/Devens St","noisy","2026-04-09T20:12:45.774Z","pluvial","2022-07-22T00:00:00","[]",,"[]"
"mind_deal_ensure","fs-00046","Q - 149th Ave/ Brookville Blvd","retired","2026-04-09T20:12:16.792Z","coastal","2023-06-22T00:00:00","[""dep""]","2025-08-21T12:00:00","[{""id"":12,""deployments_deployment_id"":{""slug"":""Q-149th-ave-brookville-blvd-1f54k0""}}]"
"easily_dear_mouse","fs-00023","Q - Russell St 2","retired","2026-04-09T20:12:16.792Z","coastal","2021-03-05T00:00:00","[""community""]","2024-02-15T00:00:00","[{""id"":1,""deployments_deployment_id"":{""slug"":""Q-russell-st-2-07zt40""}}]"
"handsome_violet_leech","fs-00025","Q - 108th Ave/159th St","retired","2026-04-09T20:12:16.792Z","pluvial","2022-06-10T00:00:00","[]","2023-09-21T12:00:00","[{""id"":3,""deployments_deployment_id"":{""slug"":""Q-108th-ave-159th-st-0vr200""}}]"
"duly_star_bee","fs-00001","M - Morningside Av/125th St","retired","2026-04-09T20:12:16.792Z","pluvial","2021-12-12T00:00:00","[]","2023-10-12T00:00:00","[{""id"":6,""deployments_deployment_id"":{""slug"":""M-morningside-av-125th-st-0mhn80""}}]"
"hardly_keen_bird","fs3-00191","BK - Mermaid Ave/W 27th St","retired","2026-04-09T20:12:16.792Z","pluvial","2024-04-19T00:00:00","[""community""]","2025-08-21T12:00:00","[{""id"":13,""deployments_deployment_id"":{""slug"":""BK-mermaid-ave-w-27th-st-1uors0""}}]"
"boring_olive_stingray","fs-00030","Q - 159th St/109th Ave","retired","2026-04-09T20:12:16.792Z","pluvial","2022-06-10T00:00:00","[]","2023-09-21T12:00:00","[{""id"":2,""deployments_deployment_id"":{""slug"":""Q-159th-st-109th-ave-0vr4s0""}}]"
"duly_wanted_akita","fs3-00134","Q - 96th St/55th Ave","retired","2026-04-09T20:12:16.792Z","pluvial","2024-08-14T13:00:00","[""community""]","2024-10-14T17:10:00","[]"
"hugely-live-hermit","fs3-00164","BX - E 165th St/River Ave","retired","2026-04-09T20:12:16.792Z","pluvial","2024-08-22T11:35:00","[""dep""]","2025-10-24T12:00:00","[]"
"daily_expert_whale","fs3-00013","BK - 45th St/5th Ave","retired","2026-04-09T20:12:16.792Z","pluvial","2024-04-18T00:00:00","[""community ""]","2024-12-20T12:00:00","[]"
"humbly-flying-buck","fs3-00315","BX - Morris Ave/E 170th St","retired","2026-04-09T20:12:16.792Z","pluvial","2024-08-22T11:18:00","[""dep""]","2025-10-24T12:00:00","[]"
"only_vast_lizard","fs3-00066","M - E 116th St/FDR Drive","retired","2026-04-09T20:12:16.792Z","pluvial","2024-07-03T15:33:00","[""manhattan community board 11""]","2024-12-13T12:00:00","[]"
"overly_sharp_collie","fs3-00024","Q - 232nd St/147th Ave","retired","2026-04-09T20:12:16.792Z","pluvial","2024-05-16T00:00:00","[""community""]","2024-07-25T12:00:00","[]"
"widely_proud_lizard","fs-00008","BK - 9th St/Smith St","retired","2026-04-09T20:12:16.792Z","pluvial","2021-07-16T00:00:00","[""internal""]","2021-12-10T00:00:00","[{""id"":8,""deployments_deployment_id"":{""slug"":""BK-9th-st-smith-st-0etvg0""}}]"
"horribly-fond-wren","fs3-00257","BX - Sampson Ave/ 7th Ave","retired","2026-04-09T20:12:16.792Z","pluvial","2025-01-23T10:40:00","[""Resident""]","2025-02-26T12:00:00","[]"
"evenly_divine_dingo","fs-00018","BK - Van Brunt St/Reed St","retired","2026-04-09T20:12:16.792Z","pluvial","2022-02-18T00:00:00","[]","2022-12-27T00:00:00","[]"
"lively_dear_crane","fs3-00224","Q - Church Rd/E 7th Rd","retired","2026-04-09T20:12:16.792Z","coastal","2024-07-19T12:01:00","[""community""]","2025-08-21T19:45:00","[{""id"":14,""deployments_deployment_id"":{""slug"":""Q-church-rd-e-7th-rd-1zdtxo""}}]"
"loudly_nearby_llama","fs3-00129","BK - 2nd Ave/49th St","retired","2026-04-09T20:12:16.792Z","pluvial","2024-08-07T03:38:00","[""NYU""]","2025-09-17T19:14:00","[{""id"":16,""deployments_deployment_id"":{""slug"":""BK-2nd-ave-49th-st-20cdbc""}}]"
"neatly_mighty_magpie","fs3-00071","M - W 119th St/5th Ave","retired","2026-04-09T20:12:16.792Z","pluvial","2022-11-13T03:38:37","[""community""]","2024-12-13T12:00:00","[]"
"mainly_caring_finch",,"BX - Ditmars St/Hunter Ave 1","retired","2026-04-09T20:12:16.792Z","coastal","2023-08-04T00:00:00","[]","2023-10-12T00:00:00","[{""id"":5,""deployments_deployment_id"":{""slug"":""BX-ditmars-st-hunter-ave-1hczk0""}}]"
"mainly_fond_boar","fs-00021","Q - Davenport Ct 2","retired","2026-04-09T20:12:16.792Z","coastal","2021-03-05T00:00:00","[]","2022-12-14T00:00:00","[{""id"":9,""deployments_deployment_id"":{""slug"":""Q-davenport-ct-2-07znk0""}}]"
"evenly_giving_urchin","fs3-00125","BK - Oceanview Ave/Ocean View Ave","retired","2026-04-09T20:12:16.792Z","pluvial","2024-08-07T03:38:00","[""community""]","2024-10-31T12:00:00","[]"
"loyally_fastidious_sheep","fs3-00313","BK - Meserole Ave/Newel St","retired","2026-04-09T20:12:16.792Z","pluvial","2024-04-05T00:00:00","[""dep""]","2025-07-24T12:00:00","[{""id"":10,""deployments_deployment_id"":{""slug"":""BK-meserole-ave-newel-st-1tyro0""}}]"
"mildly_fond_pig","fs3-00032","BX - Barnes Ave/Bruner Ave","retired","2026-04-09T20:12:16.792Z","pluvial","2024-05-09T00:00:00","[""dep""]","2025-10-24T12:00:00","[]"
"humbly_modest_vervet","fs-00072","Q - 253rd St/ 147 Drive","retired","2026-04-09T20:12:16.792Z","coastal","2023-06-07T00:00:00","[""dep""]","2023-06-22T00:00:00","[]"
"closed_wagon_snail","fs-00054","BK - Marcy Ave/Flushing Ave","retired","2026-04-09T20:12:16.792Z","pluvial","2023-03-09T00:00:00","[]","2024-12-19T12:00:00","[{""id"":7,""deployments_deployment_id"":{""slug"":""BK-marcy-ave-flushing-ave-19qzo0""}}]"
"mildly_tough_spider","fs3-00067","M - Malcolm X Blvd/W 118th","retired","2026-04-09T20:12:16.792Z","pluvial","2024-07-03T15:15:00","[""dep""]","2024-12-13T12:00:00","[]"
"barely_fancy_squid","fs3-00258","BK - Fulton St/Dekalb Ave","retired","2026-04-09T20:12:16.792Z","pluvial","2024-07-24T03:38:00","[""dep, mta""]","2025-01-23T10:00:00","[]"
"only_modern_bee","fs3-00010","BK - Mermaid Ave/W 32th St","retired","2026-04-09T20:12:16.792Z","pluvial","2024-04-19T00:00:00","[""community""]","2024-10-31T12:00:00","[]"
"openly_equal_akita","fs3-00135","BK - Whitty Ln/E 56th St","retired","2026-04-09T20:12:16.792Z","pluvial","2024-08-15T12:37:00","[""community""]","2024-12-20T17:50:00","[]"
"unified_angry_donkey","fs-00052","Q - 102nd St/160th Ave","retired","2026-04-09T20:12:16.792Z","coastal","2023-03-17T00:00:00","[]","2026-04-03T12:00:00","[{""id"":17,""deployments_deployment_id"":{""slug"":""Q-102nd-st-160th-ave-1a5ng0""}}]"
"really_vocal_puma","fs-00003","BK - Marcy Ave/Ellery St","retired","2026-04-09T20:12:16.792Z","pluvial","2020-10-05T00:00:00","[]","2023-03-09T00:00:00","[]"
"simply_pet_joey","fs-00009","M - Waverly Pl/6th Av","retired","2026-04-09T20:12:16.792Z","pluvial","2021-12-11T00:00:00","[]","2022-04-01T12:00:00","[]"
"tired_red_monkey","fs-00034","Q - Brinkerhoff Ave/157th St","retired","2026-04-09T20:12:16.792Z","pluvial","2022-09-27T00:00:00","[]","2025-09-17T16:04:37","[]"
"total_moccasin_dolphin","fs-00027","Q - 157th St/109th Ave","retired","2026-04-09T20:12:16.792Z","pluvial","2022-06-10T00:00:00","[]","2023-09-21T12:00:00","[]"
"truly_crisp_mullet","fs3-00260","BX - Virginia Ave/E 177th St","retired","2026-04-09T20:12:16.792Z","pluvial","2024-07-18T11:29:00","[]","2025-10-24T12:00:00","[]"
"truly_pretty_calf","fs-00103","Q - 160th St/Brinkerhoff Ave","retired","2026-04-09T20:12:16.792Z","pluvial","2023-09-21T00:00:00","[]","2025-09-17T18:38:00","[{""id"":15,""deployments_deployment_id"":{""slug"":""Q-160th-st-brinkerhoff-ave-1ju140""}}]"
"village_inflation_minor","fs-00081","Q - 147 Drive/ 259 St","retired","2026-04-09T20:12:16.792Z","coastal","2023-06-22T00:00:00","[""dep""]","2023-07-27T00:00:00","[]"
"widely_polite_mink","fs-00095","BX - Tier St/William Ave","retired","2026-04-09T20:12:16.792Z","coastal","2023-08-04T00:00:00","[]","2023-10-12T00:00:00","[{""id"":4,""deployments_deployment_id"":{""slug"":""BX-tier-st-william-ave-1hd2c0""}}]"
"mildly_ace_husky","fs3-00241","M - E 117th St/1st Ave","good","2026-04-09T16:47:02.408Z","pluvial","2024-07-03T15:30:00","[""dep""]",,"[]"
"only_wise_mule","fs3-00301","SI - Chapin Ave/Dalemere Rd","signal","2026-04-09T15:56:37.021Z","pluvial","2024-04-25T00:00:00","[""dep""]",,"[]"
"widely-tidy-narwhal","fs5-00608","Q - Beach 140th St/Cronston Ave","good","2026-04-08T17:32:02.396Z","coastal","2024-07-18T03:38:37","[""resident"",""elected_official""]",,"[]"
"simply-integral-guinea","fs5-00778","Q - Beach 59th St/Rockaway Beach Blvd","good","2026-04-08T17:18:40.454Z","pluvial","2026-04-03T12:00:00","[""parks""]",,"[]"
"correctly-accurate-hyena","fs5-00852","Q - Rockaway Bch Blvd/Bch 53rd St","good","2026-04-07T15:17:40.946Z","pluvial","2026-04-03T12:00:00","[""resident"",""elected_official""]",,"[]"
"initially-literate-raven","fs5-00800","Q - Norton Ave/Beach 45th St","good","2026-04-07T15:16:37.234Z","pluvial","2026-04-03T12:00:00","[""resident"",""elected_official""]",,"[]"
"humbly_ruling_elk","fs5-00880","Q - Beach Channel Dr/Beach 38th St","good","2026-04-06T17:52:14.958Z","coastal","2024-07-19T12:13:00","[""community""]",,"[]"
"severely-premium-stingray","fs5-00734","Q - Beach 90th St/ Rockaway Fwy","good","2026-04-06T17:40:33.539Z","pluvial","2026-04-03T12:00:00","[""resident"",""elected_official""]",,"[]"
"small_red_chicken","fs5-00779","Q - Beach 66th St/Thursby Ave","good","2026-04-06T15:57:32.301Z","coastal","2023-03-17T00:00:00","[""community""]",,"[]"
"mistakenly-flexible-chicken","fs5-00721","Q - Beach Chn Dr/ Beach 59th St","good","2026-04-06T15:56:06.306Z","pluvial","2026-04-03T12:00:00","[""community"",""elected_official""]",,"[]"
"inherently-hardy-dane","fs5-00627","Q - Gouveneur Ave/Beach 72nd St","good","2026-04-06T15:39:20.219Z","pluvial","2026-04-03T12:00:00","[""resident"",""elected_official""]",,"[]"
"notably-informed-seagull","fs5-00648","Q - Beach 64th St/De Costa Ave","good","2026-04-06T15:20:32.812Z","pluvial","2026-04-03T12:00:00","[""resident"",""elected_official""]",,"[]"
"strong_red_snake","fs5-00844","M - 118th St/ Malcolm X Blvd","good","2026-04-06T14:47:29.887Z","pluvial","2025-09-19T12:16:00",,,"[]"
"repeatedly-quality-cardinal","fs5-00701","Q - 25th Ave/ 43rd St","good","2026-04-01T18:55:24.480Z","pluvial","2025-02-27T12:00:00",,,"[]"
"slowly_cool_colt","fs5-00671","Q - 41st Ave/78th St","good","2026-04-01T16:40:06.562Z","pluvial","2024-05-03T00:00:00","[""community""]",,"[]"
"unduly_great_grub","fs5-00749","Q - 47th Ave/102nd St","good","2026-04-01T16:19:37.273Z","pluvial","2024-08-14T11:00:00","[""community""]",,"[]"
"nearly_tidy_weasel","fs5-00884","Q - Peck Ave/153rd st","good","2026-04-01T15:10:05.657Z","pluvial","2023-10-26T00:00:00","[""dep""]",,"[]"
"simply-solid-cub","fs5-00606","Q - 69th Ave/195th Ln","good","2026-04-01T14:52:11.476Z","pluvial","2024-09-05T03:38:00",,,"[]"
"loudly-warm-rhino","fs5-00500","BK - Bergen St / 3rd Ave","good","2026-04-01T14:48:41.397Z","pluvial","2025-08-13T12:48:00",,,"[]"
"primarily-patient-mastiff","fs5-00704","Q - 192nd St/ 39th Ave","good","2026-04-01T14:43:40.172Z","pluvial","2025-09-11T12:27:00",,,"[]"
"uniquely-fly-wolf","fs5-00623","Q - Vernon Blvd/40th Ave","good","2026-03-30T21:05:35.736Z","pluvial","2026-03-20T03:38:00","[""nycha""]",,"[]"
"jaggedly_quaint_doe","fs5-00767","SI - Bay St/Front St","good","2026-03-30T21:02:32.986Z","pluvial","2026-03-20T11:32:00",,,"[]"
"hungry_navy_grasshopper","fs5-00783","BX - E 175th St/Webster Ave","good","2026-03-30T20:53:47.822Z","pluvial","2025-09-25T12:00:00",,,"[]"
"helpful_empty_garden","fs5-00656","BX - Tier St/William Ave","good","2026-03-30T20:18:36.334Z","coastal","2023-10-12T00:00:00","[""community""]",,"[]"
"barely_brave_caiman","fs5-00850","BX - Centre St/City Island Ave","good","2026-03-30T20:15:08.341Z","coastal","2023-07-21T00:00:00","[]",,"[]"
"newly_immune_whale","fs5-00687","M - Hancock Pl/Morningside Ave","good","2026-03-30T20:14:04.898Z","pluvial","2024-07-03T15:11:00","[""dep""]",,"[]"
"really_nice_roughy","fs5-00705","M - W 143rd St/Frederick Douglass Blvd","good","2026-03-30T20:06:42.228Z","pluvial","2024-07-02T10:00:00","[""dep""]",,"[]"
"only_free_oyster","fs3-00166","BX - Southern Blvd/Longwood Ave","good","2026-03-30T20:02:08.211Z","pluvial","2024-05-09T00:00:00","[""dep""]",,"[]"
"wholly_gentle_ghost","fs5-00904","M - Indian Rd/W 215th St","good","2026-03-30T19:56:25.138Z","coastal","2024-07-02T15:01:00","[""community""]",,"[]"
"vastly_select_guinea","fs5-00774","Q - Brookville Blvd/147 Ave","good","2026-03-30T19:10:19.914Z","coastal","2023-08-17T00:00:00","[""dep""]",,"[]"
"bored_blue_fish","fs5-00747","Q - Beach 43rd St ","good","2026-03-28T03:04:04.846Z","coastal","2022-12-21T00:00:00","[""community""]",,"[]"
"deadly_trusty_troll","fs5-00692","Q - 231st St/ 148th Ave","good","2026-03-28T02:39:26.422Z","coastal","2023-06-07T00:00:00","[""dep""]",,"[]"
"lively_live_hawk","fs5-00679","M - Nagle Ave/Dyckman St","good","2026-03-28T02:23:33.178Z","pluvial","2024-07-02T15:07:00","[""community""]",,"[]"
"rationally-thankful-asp","fs5-00677","BX - Broadway/Mosholu Ave","good","2026-03-28T02:17:54.160Z","pluvial","2025-03-27T11:13:00",,,"[]"
"probably-helped-tiger","fs5-00776","BX - Brook Ave / E 149th St","good","2026-03-21T01:58:44.128Z","pluvial","2025-09-04T12:00:00",,,"[]"
"evil_violet_donkey","fs5-00908","BX - Tinton Ave/E 163rd St","good","2026-03-21T01:57:07.646Z","pluvial","2025-09-25T11:00:00","[""nycha""]",,"[]"
"loudly-talented-minnow","fs5-00663","BX - River Ave / E 153rd St","good","2026-03-20T18:58:44.336Z","pluvial","2025-09-04T12:00:00",,,"[]"
"eminently-growing-werewolf","fs5-00899","BX - Rider Ave / E 140th St","good","2026-03-20T18:50:33.099Z","pluvial","2025-09-04T13:48:00",,,"[]"
"loudly_upward_eel","fs3-00165","BK - 19th Ave/77th St","signal","2026-03-19T17:29:49.117Z","pluvial","2024-08-07T03:38:00","[""NYCEM""]",,"[]"
"extremely-discrete-gull","fs5-00486","Q - Woodhull Ave/ 193rd St","good","2026-03-19T17:26:52.204Z","pluvial","2025-10-17T12:00:00","[""Researcher""]",,"[]"
"firmly-fitting-marlin","fs3-00275","M - E 79th St/ Park Ave","good","2026-03-19T17:25:16.255Z","pluvial","2025-02-27T12:00:00","[""dep""]",,"[]"
"hugely_huge_bird","fs3-00336","M - Avenue C/E 5th St","good","2026-03-18T15:12:53.994Z","pluvial","2024-07-24T03:38:00","[""community""]",,"[]"
"slowly_meet_poodle","fs3-00367","Q - 51st Ave/Jacobus St","good","2026-03-18T15:04:10.261Z","pluvial","2024-08-14T15:00:00","[""dep""]",,"[]"
"rarely_intent_donkey","fs3-00258","Q - 71st Ave/75th St","dead","2026-03-18T14:02:42.154Z","pluvial","2024-05-02T00:00:00","[""dep""]",,"[]"
"seriously-true-mallard","fs5-00675","BK - Brighton 6th St/Ocean View Ave","good","2026-03-16T20:35:07.749Z","pluvial","2026-03-12T15:32:00",,,"[]"
"widely_comic_insect","fs3-00375","BK - Flatlands 8th St/E 108th St","good","2026-03-16T16:41:47.221Z","pluvial","2024-04-18T00:00:00","[""community ""]",,"[]"
"oddly_wired_marmot","fs3-00307","Q - 77th St/62nd Ave","good","2026-03-16T16:27:34.479Z","pluvial","2024-05-02T00:00:00","[""dep""]",,"[]"
"empty_lime_octopus","fs5-00848","Q - 44th Dr / Jackson Ave","good","2026-03-16T16:26:13.752Z","pluvial","2025-08-29T12:04:00",,,"[]"
"weekly_smart_frog","fs3-00385","SI - Sweetbrook Rd & Ridgewood Ave","good","2026-03-16T16:11:01.330Z","pluvial","2024-05-31T00:00:00","[""dep""]",,"[]"
"lively_wanted_louse","fs3-00525","Q - Utopia Pkwy/ 67th Ave","good","2026-03-16T15:57:59.435Z","pluvial","2023-10-26T00:00:00","[""dep""]",,"[]"
"heavy_violet_wasp","fs5-00498","BX - White Plains Rd/Wood Ave","good","2026-03-16T15:56:56.895Z","pluvial","2025-09-25T11:30:00",,,"[]"
"fluffy-white-penguin","fs3-00133","Q - 126th St/109th Ave","good","2026-03-16T15:52:16.947Z","pluvial","2024-09-06T03:38:00",,,"[]"
"sadly_calm_cattle","fs3-00121","SI - Dawson Ct/Dawson Cir","good","2026-03-16T15:50:58.694Z","pluvial","2024-08-08T03:38:00","[""dep""]",,"[]"
"explicitly-secure-sheep","fs3-00293","SI - Snug Harbor Rd / Kissel Ave ","good","2026-03-16T15:48:22.818Z","pluvial","2025-02-19T16:20:00",,,"[]"
"officially-immense-grub","fs5-00462","Q - 56th Ave/ Springfield Blvd","good","2026-03-16T15:47:26.199Z","pluvial","2025-09-11T12:00:00",,,"[]"
"gently_exotic_bunny","fs5-00847","BK - Dumont Ave/Hendrix St","good","2026-03-09T17:08:50.483Z","pluvial","2024-08-23T03:38:00",,,"[]"
"likely_prompt_gibbon","fs5-00635","M - Mangin St/Stanton St","good","2026-03-04T21:20:19.024Z","pluvial","2024-05-10T00:00:00","[""community""]",,"[]"
"bleakly-accurate-porpoise","fs5-00797","M - E 23rd St/FDR Drive","good","2026-03-04T21:19:25.093Z","pluvial","2025-10-10T11:02:00",,,"[]"
"gladly_mint_snail","fs5-00412","BK - Pioneer St/Conover St","good","2026-03-04T20:51:50.265Z","pluvial","2022-02-18T00:00:00","[""community""]",,"[]"
"tender_white_deer","fs5-00455","BK - Coney Island Ave/Park Circle ","good","2026-03-04T20:50:43.372Z","pluvial","2025-09-18T13:59:00",,,"[]"
"verbally-novel-marten","fs5-00499"," M - Broad St/South St","good","2026-03-03T20:48:58.586Z","pluvial","2025-08-22T12:00:00",,,"[]"
"light_violet_moth","fs5-00491","M - Barclay St/West St","good","2026-03-03T20:08:56.036Z","pluvial","2025-08-21T11:47:00",,,"[]"
"coyly-mental-ferret","fs5-00615","M - 6th Ave/W 18th St","good","2026-03-03T17:12:09.913Z","pluvial","2025-10-10T11:05:00",,,"[]"
"remotely-cunning-bullfrog","fs5-00496","Q - 204th St/ 100th Ave","good","2026-03-03T15:35:37.279Z","pluvial","2025-10-17T12:00:00","[""Researcher""]",,"[]"
"mildly_loving_doe","fs5-00858","Q - 160th St/107th Ave","good","2026-03-02T19:29:50.652Z","pluvial","2023-09-21T00:00:00","[]",,"[]"
"namely_grand_dog","fs3-00326","BK - Neptune Ave W 29th St","good","2026-03-02T18:19:35.459Z","pluvial","2024-06-20T00:00:00","[""community""]",,"[]"
"safely_tight_pug","fs3-00390","SI - Lenevar Ave & Drumgoole Rd W","good","2026-03-02T17:45:56.952Z","pluvial","2024-05-31T00:00:00","[""dep""]",,"[]"
"solely_modern_locust","fs3-00240","BK - 83rd St/21st Ave","good","2026-02-18T16:15:33.142Z","pluvial","2024-08-15T11:34:00","[""dep""]",,"[]"
"duly_exotic_collie","fs3-00210","SI - Ridgewood Ave/Arthur Kill Rd","good","2026-02-18T16:14:43.650Z","coastal","2024-08-08T03:38:00","[""community""]",,"[]"
"helpless_teal_bulldog","fs3-00547","BX - W 232nd St/Irwin Ave","good","2026-02-03T15:56:13.474Z","pluvial","2025-10-31T12:36:00",,,"[]"
"openly_bright_llama","fs3-00369","Q - Maurice Ave/Queens Midtown Expressway","good","2026-02-03T15:52:43.008Z","pluvial","2024-05-03T00:00:00","[""dep""]",,"[]"
"vertically-allowing-monkey","fs3-00335","BX - Van Cortlandt Park S/Bailey Ave","good","2026-02-02T15:42:24.826Z","pluvial","2025-03-27T11:24:00",,,"[]"
"early_calm_ghoul","fs-00056","BK - Knickerbocker Ave/ Hart St","good","2026-01-29T19:57:10.742Z","pluvial","2023-06-02T00:00:00","[""dep""]",,"[]"
"hopelessly-accepted-louse","fs3-00311","M - W 81st St/ Riverside Dr","good","2026-01-23T21:00:20.777Z","pluvial","2025-02-27T12:00:00","[""dep""]",,"[]"
"fairly_right_kiwi","fs3-00214","Q - 76th St/37th Rd","good","2026-01-23T20:23:12.169Z","pluvial","2024-08-22T11:18:00","[""Queens Borough President's Office""]",,"[]"
"only_set_calf","fs3-00117","Q - 63rd St/Laurel Hill Blvd","good","2026-01-23T17:58:09.858Z","pluvial","2024-08-22T11:12:00","[""\t Queens Borough President's Office""]",,"[]"
"early_many_oyster","fs3-00192","Q - 30th Ave/77th St","good","2026-01-23T15:36:46.851Z","pluvial","2024-05-02T00:00:00","[""community""]",,"[]"
"tall_white_jellyfish","fs3-00260","BK - E102nd St/ Ave N","good","2026-01-20T20:26:38.892Z","pluvial","2025-10-31T12:00:00","[""resident""]",,"[]"
"ideally-polished-humpback","fs3-00324","BX - Britton St/Bronx Park E","good","2026-01-20T20:17:12.644Z","pluvial","2025-03-27T12:28:00",,,"[]"
"lately_tops_coral","fs3-00376","BK - 3rd Ave/61st St","good","2026-01-20T20:16:07.876Z","pluvial","2024-08-07T03:38:00","[""community""]",,"[]"
"surely-amused-shark","fs3-00451","Q - Park Ln/Park Lane South","good","2026-01-20T20:15:10.054Z","pluvial","2024-09-05T03:38:00",,,"[]"
"daily_gentle_beetle","fs-00002","BK - 4th Av/Garfield Pl","good","2026-01-13T17:42:23.534Z","pluvial","2021-07-15T00:00:00","[""internal""]",,"[]"
"duly_pumped_wren","fs3-00204","Q - 71st St/31st Ave","good","2026-01-13T17:40:35.185Z","pluvial","2024-08-22T10:44:00","[""community""]",,"[]"
"loudly_bold_gecko","fs3-00270","BX - Schurz Ave/Mullan Pl","good","2026-01-13T17:38:53.005Z","pluvial","2024-05-09T00:00:00","[""dep""]",,"[]"
"wholly_needed_cougar","fs3-00527","Q - 184th St/91st Ave","good","2026-01-13T17:36:34.676Z","pluvial","2023-10-26T00:00:00","[""community""]",,"[]"
"really_brief_stork","fs3-00310","M - Dyckman St/Payson Ave","good","2026-01-13T17:22:12.076Z","pluvial","2024-07-02T15:05:00","[""community""]",,"[]"
"openly_tough_jay","fs3-00274","M - W 147th St/Malcolm X Blvd","good","2026-01-13T17:12:27.283Z","pluvial","2024-07-02T14:55:00","[""dep""]",,"[]"
"overly_heroic_squid","fs3-00334","BK - 9th St/Smith St","good","2026-01-13T16:50:34.301Z","pluvial","2021-12-14T11:43:00","[""internal""]",,"[]"
"initially-enjoyed-mustang","fs5-00492","BK - Hancock St/Marcy Ave","good","2026-01-13T16:48:06.682Z","pluvial","2025-10-10T13:24:00","[""community"",""Brooklyn CB3""]",,"[]"
"widely_aware_boxer","fs3-00254","M - Lexington Ave/E 104th St","good","2026-01-13T16:46:48.430Z","pluvial","2024-07-03T16:11:00","[""nycem""]",,"[]"
"widely_sweet_sheep","fs3-00249","BK - 85th St 24th Ave","good","2026-01-13T15:38:02.799Z","pluvial","2024-06-20T00:00:00","[""dep""]",,"[]"
"overly_game_cougar","fs3-00541","SI - Catherine Ct/Jewett Ave","good","2026-01-09T18:34:26.888Z","pluvial","2024-05-31T00:00:00","[]",,"[]"
"wildly_busy_hippo","fs3-00445","Q - Saint James Ave/Broadway","good","2026-01-09T18:33:00.208Z","pluvial","2024-08-22T11:24:00","[""dep""]",,"[]"
"openly_rested_frog","fs3-00450","Q - Holly Ave/Union St","good","2026-01-09T18:30:55.891Z","pluvial","2024-05-02T00:00:00","[""community""]",,"[]"
"miserly_ivory_oryx","fs3-00016","Q - Hendrickson Pl/166th St","good","2026-01-09T18:29:41.379Z","pluvial","2024-06-06T00:00:00","[]",,"[]"
"chilly_indigo_cobra","fs3-00196","Q - Church Rd/E 6th Rd","good","2026-01-09T18:28:16.371Z","coastal","2025-08-21T19:46:00",,,"[]"
"easily-dominant-snake","fs3-00228","Q - Brookville Blvd/ Snake Rd 3","good","2026-01-09T18:27:49.765Z","coastal","2024-10-10T10:37:00",,,"[]"
"really_usable_ghoul","fs3-00277","Q - Beach Channel Dr/Beach 48th St","good","2026-01-09T18:26:00.687Z","coastal","2024-07-19T12:09:00","[""community""]",,"[]"
"unlucky_white_wolverine","fs3-00236","Q - Beach 84 St (2)","good","2026-01-09T18:25:29.740Z","coastal","2025-10-29T16:56:00",,,"[]"
"simply_fancy_tapir","fs3-00330","Q - Beach 49th St/Rockaway Beach Blvd","good","2026-01-09T18:24:07.030Z","coastal","2024-07-19T12:07:00","[""dep, mta""]",,"[]"
"strictly-mutual-moray","fs3-00319","Q - 85th St/91st Ave","needs_driverail","2026-01-09T18:22:47.101Z","pluvial","2025-03-13T12:00:00",,,"[]"
"vastly_close_bobcat","fs3-00358","Q - 83rd Pl/Penelope Ave","dead","2026-01-09T18:22:02.075Z","pluvial","2024-05-02T00:00:00","[""dep""]",,"[]"
"solely-nice-wren","fs3-00174","Q - 59th Ave/175th St","good","2026-01-09T18:20:50.701Z","pluvial","2024-09-05T03:38:00",,,"[]"
"hugely_calm_thrush","fs3-00139","Q - 235th St/129th Ave","good","2026-01-09T18:16:05.823Z","pluvial","2024-08-14T11:00:00","[""dep""]",,"[]"
"awfully-feasible-swan","fs5-00413","Q - 188th St/ 58th Ave","good","2026-01-09T18:14:54.177Z","pluvial","2025-09-11T12:00:00",,,"[]"
"mostly_poetic_wren","fs3-00352","Q - 177th St/129th Ave","good","2026-01-09T18:14:11.537Z","pluvial","2024-08-14T11:22:00","[""dep""]",,"[]"
"gently-top-dory","fs3-00524","Q - 175th St/75th Ave","good","2026-01-09T18:13:58.711Z","pluvial","2024-09-05T03:38:00",,,"[]"
"only_enough_goat","fs3-00220","Q - 155th Ave/79th St","good","2026-01-09T18:11:30.753Z","pluvial","2024-08-23T03:38:00",,,"[]"
"radically-fine-calf","fs3-00239","Q - 14th St/ 31st Rd","good","2026-01-09T18:11:16.500Z","pluvial","2025-02-27T12:00:00","[""dep""]",,"[]"
"simply_famous_horse","fs3-00155","Q - 147th Ave/Springfield Ln","good","2026-01-09T18:11:02.739Z","pluvial","2024-08-14T10:40:00","[""\t Queens Borough President Office""]",,"[]"
"uniformly-choice-grackle","fs3-00344","Q - 10th St/ Vernon Blvd","good","2026-01-09T18:09:34.261Z","pluvial","2025-02-27T12:00:00","[""resident""]",,"[]"
"merely_fancy_sloth","fs3-00329","M - Peck Slip/Front St","non-ota","2026-01-09T18:08:33.993Z","pluvial","2024-07-24T03:38:00","[""dep""]",,"[]"
"centrally-in-worm","fs3-00339","BX - Wilson Ave/E 214th St","good","2026-01-09T18:06:22.822Z","pluvial","2025-03-27T12:41:00",,,"[]"
"entirely-integral-muskrat","fs3-00285","BX - Walnut Ave / E 139th St","good","2026-01-09T18:05:37.923Z","pluvial","2025-09-04T14:09:00",,,"[]"
"publicly-stunning-airedale","fs3-00540","BX - Gillespie Ave/ Lasalle Ave","good","2026-01-09T18:03:50.557Z","pluvial","2025-01-23T11:10:00","[""dep""]",,"[]"
"obviously-trusting-aardvark","fs3-00298","BX - E Gun Hill Rd/ Gunther Ave","good","2026-01-09T18:03:08.721Z","pluvial","2025-01-23T02:30:00",,,"[]"
"basically-equipped-amoeba","fs3-00290","BX - Bronxdale Ave/ Poplar St","non-ota","2026-01-09T17:58:45.381Z","pluvial","2025-01-23T12:00:00","[""dep""]",,"[]"
"humbly_casual_heron","fs3-00263","BX - Boynton Ave/Lafayette Ave","good","2026-01-09T17:57:29.656Z","pluvial","2024-07-18T11:38:00","[""dep""]",,"[]"
"wholly_useful_shrew","fs3-00261","BX - 1st St/Avenue A","good","2026-01-09T17:57:15.677Z","pluvial","2024-07-18T11:39:00","[""community""]",,"[]"
"slowly_steady_stork","fs3-00227","BK - Utica Ave/Rutland Rd","good","2026-01-09T17:55:27.132Z","pluvial","2024-08-23T03:38:00",,,"[]"
"rarely_sacred_insect","fs3-00127","BK - Troy Ave/Farragut Rd","good","2026-01-09T17:55:14.273Z","pluvial","2024-08-15T12:28:00","[""community""]",,"[]"
"openly_fleet_tapir","fs3-00145","BK - Ocean Pkwy/Avenue W","good","2026-01-09T17:51:04.056Z","pluvial","2024-08-15T11:55:00","[""dep""]",,"[]"
"mainly_alert_magpie","fs3-00523","BK - Marion St/Howard Ave","good","2026-01-09T17:48:44.543Z","pluvial","2024-08-23T03:38:00",,,"[]"
"daily_new_falcon","fs-00005","BK - Hoyt St/5th St","good","2026-01-09T17:45:26.944Z","pluvial","2020-10-05T00:00:00","[]",,"[]"
"presently-bursting-ghost","fs5-00478","BK - Fulton St/ Malcom X Blvd","good","2026-01-09T17:44:37.615Z","pluvial","2025-10-10T10:09:00","[""dep""]",,"[]"
"hugely_daring_owl","fs3-00234","BK - Fountain Ave/Flatlands Ave","good","2026-01-09T17:43:59.282Z","pluvial","2024-08-23T03:38:00",,,"[]"
"hugely_divine_kid","fs3-00115","BK - Farragut Rd/Rogers Ave","good","2026-01-09T17:42:49.628Z","pluvial","2024-08-15T12:24:00","[""community""]",,"[]"
"really_subtle_fawn","fs3-00142","BK - Farragut Rd/Brooklyn Ave","good","2026-01-09T17:42:20.748Z","pluvial","2024-08-15T12:32:00","[""community""]",,"[]"
"loudly_right_cub","fs3-00218","BK - DeWitt Ave/Williams Ave","good","2026-01-09T17:40:31.722Z","pluvial","2024-08-23T03:38:00",,,"[]"
"subtly_alert_marten","fs3-00292","BK - Concord St/Navy St","good","2026-01-09T17:38:42.443Z","pluvial","2024-07-24T03:38:00","[""nycem""]",,"[]"
"weekly_poetic_guinea","fs3-00158","BK - Carroll St/4th Av","good","2026-01-09T17:36:58.840Z","pluvial","2021-07-15T00:00:00","[""internal""]",,"[]"
"slowly_sharp_dog","fs3-00291","BK - 76th St/10th Ave","good","2026-01-09T17:34:32.956Z","pluvial","2024-04-18T00:00:00","[""dep""]",,"[]"
"gently_model_piglet","fs3-00282","BK - 2nd Ave/53rd St","good","2026-01-09T17:33:57.532Z","pluvial","2024-04-18T00:00:00","[""community ""]",,"[]"
"swift_navy_otter","fs3-00553","BK - Thatford Ave/ Riverdale Ave","good","2026-01-09T15:44:57.994Z","pluvial","2025-10-31T12:00:00","[""dep""]",,"[]"
"barely_aware_bee","fs3-00265","M - Rivington St/Suffolk St","good","2025-12-22T17:01:13.833Z","pluvial","2024-07-24T03:38:00","[""nycem""]",,"[]"
"mainly_moving_emu","fs3-00075","Q - 150th St/41st Ave","good","2025-12-11T20:30:45.615Z","pluvial","2024-05-02T00:00:00","[""community""]",,"[]"
"lively_stable_gannet","fs3-00267","M - E 6th St/FDR Dr","good","2025-12-09T17:20:24.308Z","pluvial","2024-05-10T00:00:00","[""community""]",,"[]"
"widely_brief_bee","fs3-00384","M - Varick St/Canal St","good","2025-12-09T17:02:35.879Z","pluvial","2024-07-24T03:38:00","[""mocej""]",,"[]"
"easily_fond_kiwi","fs3-00206","M - E 108th St/1st Ave","good","2025-11-20T16:10:45.535Z","pluvial","2024-05-10T00:00:00","[""community""]",,"[]"
"early_mature_grub","fs3-00377","BK - Linwood St/Wortman Ave","good","2025-11-18T16:37:01.290Z","pluvial","2024-08-23T03:38:00",,,"[]"
"lovely_up_boxer","fs3-00545","SI - Genesee Ave/Richmond Ave","good","2025-11-10T20:42:20.407Z","pluvial","2024-08-08T03:38:00","[""dep""]",,"[]"
"happy_orange_grasshopper","fs3-00528","M - Vermilyea Ave/ Academy St","good","2025-11-10T17:06:00.449Z","pluvial","2025-10-31T12:29:00",,,"[]"
"thin_orange_wombat","fs3-00552","BK - E104th St/ Ave M","good","2025-11-03T16:24:49.934Z","pluvial","2025-10-31T12:00:00","[""resident"",""elected_official""]",,"[]"
"overly-notable-dory","fs3-00100","Q - 44th Dr/ Vernon Blvd","good","2025-10-30T19:23:23.661Z","pluvial","2025-07-24T12:00:00","[""dep""]",,"[]"
"bright_black_quail","fs3-00543","BX - Dewey Ave/ Balcom Ave","good","2025-10-28T19:20:00.110Z","pluvial","2025-10-24T12:00:00","[""NYCHA""]",,"[]"
"honestly-unified-imp","fs3-00530","BX - Waters Pl/ Fink Ave","good","2025-10-27T18:02:58.025Z","pluvial","2025-01-23T12:50:00","[""dep"",""MTA""]",,"[]"
"supposedly-factual-husky","fs3-00316","BX - St Raymond Ave/ Castle Hill Ave","good","2025-10-27T14:55:21.868Z","pluvial","2025-01-23T12:30:00","[""dep""]",,"[]"
"simply_keen_quagga","fs3-00544","BX - White Plains Rd/Story Ave","good","2025-10-27T14:41:35.802Z","pluvial","2024-07-18T11:33:00","[""dep""]",,"[]"
"selfish_blue_skunk","fs5-00497","BK - Lawrence Ave/Seton Pl","good","2025-10-21T14:39:36.579Z","pluvial","2025-09-18T14:20:00",,,"[]"
"evenly_cool_ram","fs3-00193","M - Park Ave/ Tito Puente Wy","good","2025-10-15T15:25:22.707Z","pluvial","2024-07-03T15:26:00","[""dep""]",,"[]"
"poorly_amazed_muskox","fs3-00149","BK -  Farragut Rd/ Rockaway Pkwy","good","2025-10-09T20:17:06.977Z","pluvial","2024-04-18T00:00:00","[""community ""]",,"[]"
"solely_nice_beagle","fs3-00163","BK - 41st St/2nd Ave","good","2025-10-08T20:19:24.841Z","pluvial","2024-08-07T03:38:00","[""NYU""]",,"[]"
"widely-fit-colt","fs3-00535","Q - Lewis Ave/101st St","good","2025-10-06T14:37:30.715Z","pluvial","2024-09-05T03:38:00",,,"[]"
"deadly-expert-skunk","fs3-00534","BX - E 165th St/Teller Ave","good","2025-09-26T23:12:56.736Z","pluvial","2024-08-22T12:30:00","[""dep""]",,"[]"
"early_neat_satyr","fs3-00120","BK - E 57th St/Snyder Ave","good","2025-09-24T20:45:01.169Z","pluvial","2024-08-15T12:46:00","[""dep""]",,"[]"
"curly_furry_squirrel","fs3-00237","Q - 87th St/Astoria Blvd","good","2025-09-15T18:48:49.684Z","pluvial","2024-01-12T00:00:00","[""dep""]",,"[]"
"jolly_civil_bat","fs3-00328","BK - Dean St/Utica Ave","good","2025-09-15T14:18:54.188Z","pluvial","2024-08-23T03:38:00",,,"[]"
"newly-true-finch","fs3-00320","Q - Hillside Ave/127th St","good","2025-09-08T16:04:26.865Z","pluvial","2024-09-06T03:38:00",,,"[]"
"really-cute-lemur","fs3-00452","Q - Mowbray Dr/Austin St","good","2025-09-08T15:56:32.712Z","pluvial","2024-09-06T03:38:00",,,"[]"
"evenly_alive_grouse","fs3-00284","M - Bennett Ave/Broadway","good","2025-09-02T18:54:14.277Z","pluvial","2024-07-02T15:09:00","[""community""]",,"[]"
"kindly_vital_hen","fs3-00023","BK - Vanderbilt Ave/Flushing Ave","good","2025-09-02T18:38:55.545Z","pluvial","2024-08-22T10:22:00","[""nycem""]",,"[]"
"fully_modest_rodent","fs3-00156","Q - 177th St/147th Ave","good","2025-08-28T19:52:57.089Z","pluvial","2024-08-14T10:45:00","[""community""]",,"[]"
"humbly_aware_rabbit","fs3-00264","BX - Watson Ave/Close Ave","non-ota","2025-08-28T19:50:04.246Z","pluvial","2024-07-18T03:38:00","[""dep""]",,"[]"
"kindly_loving_pug","fs3-00294","Q - 37th Rd/Woodside Ave","good","2025-08-28T19:42:04.817Z","pluvial","2024-05-03T00:00:00","[""dep""]",,"[]"
"daily_mutual_gnat","fs3-00262","BX - Home St/Intervale Av","non-ota","2025-08-28T19:29:34.747Z","pluvial","2022-02-11T00:00:00","[""community""]",,"[]"
"widely_whole_tarpon","fs-00090","BK - Morgan Ave/Johnson Ave","good","2025-08-28T19:27:07.714Z","pluvial","2023-06-02T00:00:00","[""dep""]",,"[]"
"merely_equal_alien","fs3-00231","Q - W 16th Rd/Cross Bay Blvd","good","2025-08-28T16:57:28.465Z","coastal","2024-07-19T12:05:00","[""community""]",,"[]"
"safely_moral_husky","fs3-00373","Q - 79th St/151st Ave","good","2025-08-25T21:05:35.207Z","pluvial","2024-05-16T00:00:00","[""dep""]",,"[]"
"vastly_deep_glider","fs3-00387","Q - Beach 29th St/Seagirt Ave","good","2025-08-25T20:59:40.100Z","pluvial","2024-05-16T00:00:00","[""dep""]",,"[]"
"thoroughly-settling-raven","fs3-00314","Q - Astoria Park/ 18th St","good","2025-08-15T16:12:25.212Z","pluvial","2025-02-27T12:00:00",,,"[]"
"jolly_tight_swine","fs3-00125","BK - Ocean View Ave / Brighton 3rd St","good","2025-08-15T16:12:25.212Z","pluvial","2024-10-31T12:38:00",,,"[]"
"reliably-driven-martin","fs3-00281","BX - Hobart Ave/ Coddington Ave","good","2025-08-15T16:12:25.212Z","pluvial","2025-01-23T11:30:00","[""dep""]",,"[]"
"lovely_helped_lamb","fs-00084","BK - Junius St/Sutter Ave","good","2025-08-15T16:09:02.586Z","pluvial","2023-05-24T00:00:00","[]",,"[]"
"sadly_moving_bengal","fs3-00161","BK - Clarendon Rd/E 56th St","good","2025-08-15T16:09:02.586Z","pluvial","2024-08-15T12:43:00","[""community""]",,"[]"
"vastly_saving_whale","fs-00012","BK - Columbia St/Bay St","signal","2025-08-15T16:09:02.586Z","pluvial","2022-02-18T00:00:00","[""community""]",,"[]"
"slowly_actual_jay","fs3-00160","Q - 120th Ave/177th Pl","good","2025-08-15T16:09:02.586Z","pluvial","2024-08-14T11:08:00","[""\t Queens Borough President's Office""]",,"[]"
"poorly_set_cougar","fs3-00132","BK - 35th St/3rd Ave","good","2025-08-15T16:09:02.586Z","pluvial","2024-08-07T03:38:00","[""NYCEM""]",,"[]"
"firmly_wired_koala","fs3-00348","BK - Dover St/Shore Blvd","good","2025-08-15T16:09:02.586Z","pluvial","2024-08-07T03:38:00","[""community""]",,"[]"
"barely_hot_aphid","fs-00086","BK - E 45th St/ Rutland Rd","good","2025-08-15T16:09:02.586Z","pluvial","2023-05-24T00:00:00","[]",,"[]"
"nyc-micronet-mhlsqr","nyc-micronet-mhlsqr","NYC Micronet weather station (MHLSQR)","up","2025-08-12T19:30:35.828Z","weather","2022-11-13T03:38:37",,"2025-08-12T12:00:00","[]"
"nyc-micronet-mherac","nyc-micronet-mherac","NYC Micronet weather station (MHERAC)","up","2025-08-12T19:29:31.959Z","weather","2024-07-18T03:38:37",,"2025-08-12T12:00:00","[]"
"merely_upward_goblin","fs3-00388","SI - Barlow Ave/Abingdon Ave","good","2025-08-12T19:26:40.668Z","pluvial","2024-08-08T03:38:00","[""dep""]",,"[]"
"overly_grand_dove","fs3-00321","BX - Story Ave/Boynton Ave","good","2025-08-12T18:43:17.882Z","pluvial","2024-07-18T11:34:00","[""nycem""]",,"[]"
"firmly_needed_heron","fs-00113","BK - Church Ave/E10th St","good","2025-08-08T18:40:45.568Z","pluvial","2023-10-20T00:00:00","[""dep""]",,"[]"
"defeated_smelly_cough","fs3-00134","M - E 108th St/Park Ave","good","2025-08-08T18:31:01.344Z","pluvial","2023-10-12T00:00:00","[""dep""]",,"[]"
"highly_causal_guppy","ts-00002","Hawtree","up","2025-02-27T17:43:59.712Z","tidal","2020-12-02T00:00:00",,,"[]"
"ugliest_cyan_elephant","fs-00100","SI - Loop Rd","good","2025-01-31T15:43:34.145Z","pluvial","2022-07-28T00:00:00","[]",,"[]"
"rarely_icky_armadillo","ts-00004","Q - Hawtree Basin ","good","2025-01-31T15:01:55.605Z","coastal","2024-02-15T00:00:00","[""community ""]",,"[]"
"noaa-tidal-8518753",,"noaa-tidal-8518753","up","2025-01-29T20:31:39.084Z","tidal","2024-07-18T03:38:37",,,"[]"
"noaa-tidal-8518756",,"noaa-tidal-8518756","up","2025-01-29T20:31:39.084Z","tidal","2024-07-18T03:38:37",,,"[]"
"usgs-tidal-01311850","usgs-tidal-01311850","JAMAICA BAY AT INWOOD NY (01311850)","up","2025-01-29T20:31:39.084Z","tidal","2022-11-13T03:38:37",,,"[]"
"usgs-tidal-01376562","usgs-tidal-01376562","GREAT KILLS HARBOR AT GREAT KILLS NY (01376562)","up","2025-01-29T20:31:39.084Z","tidal","2022-11-13T03:38:37",,,"[]"
"usgs-tidal-01311145","usgs-tidal-01311145","EAST ROCKAWAY INLET AT ATLANTIC BEACH NY (01311145)","up","2025-01-29T20:31:39.084Z","tidal","2022-11-13T03:38:37",,,"[]"
"noaa-tidal-8518751",,"noaa-tidal-8518751","up","2025-01-29T20:31:39.084Z","tidal","2024-07-18T03:38:37",,,"[]"
"noaa-tidal-8531680","noaa-tidal-8531680","Sandy Hook (8531680)","up","2025-01-29T20:31:39.084Z","tidal","2022-11-13T03:38:37",,,"[]"
"usgs-tidal-8516945",,"usgs-tidal-8516945","up","2025-01-29T20:31:39.084Z","tidal","2024-07-18T03:38:37",,,"[]"
"noaa-tidal-8518757",,"noaa-tidal-8518757","up","2025-01-29T20:31:39.084Z","tidal","2024-07-18T03:38:37",,,"[]"
"noaa-tidal-8518752",,"noaa-tidal-8518752","up","2025-01-29T20:31:39.084Z","tidal","2024-07-18T03:38:37",,,"[]"
"usgs-tidal-01311875","usgs-tidal-01311875","ROCKAWAY INLET NEAR FLOYD BENNETT FIELD NY (01311875)","up","2025-01-29T20:31:39.084Z","tidal","2022-11-13T03:38:37",,,"[]"
"usgs-tidal-01310521","usgs-tidal-01310521","HUDSON BAY AT FREEPORT NY (01310521)","up","2025-01-29T20:31:39.084Z","tidal","2022-11-13T03:38:37",,,"[]"
"noaa-tidal-8518754",,"noaa-tidal-8518754","up","2025-01-29T20:31:39.084Z","tidal","2024-07-18T03:38:37",,,"[]"
"noaa-tidal-8518758",,"noaa-tidal-8518758","up","2025-01-29T20:31:39.084Z","tidal","2024-07-18T03:38:37",,,"[]"
"usgs-tidal-01310740","usgs-tidal-01310740","REYNOLDS CHANNEL AT POINT LOOKOUT NY (01310740)","up","2025-01-29T20:31:39.084Z","tidal","2022-11-13T03:38:37",,,"[]"
"usgs-tidal-01311143","usgs-tidal-01311143","HOG ISLAND CHANNEL AT ISLAND PARK NY (01311143)","up","2025-01-29T20:31:39.084Z","tidal","2022-11-13T03:38:37",,,"[]"
"noaa-tidal-8518750","noaa-tidal-8518750","The Battery (8518750)","up","2025-01-29T20:31:39.084Z","tidal","2022-11-13T03:38:37",,,"[]"
"noaa-tidal-8518755",,"noaa-tidal-8518755","up","2025-01-29T20:31:39.084Z","tidal","2024-07-18T03:38:37",,,"[]"
"usgs-tidal-01311851",,"usgs-tidal-01311851","up","2025-01-29T20:31:39.084Z","tidal","2024-07-18T03:38:37",,,"[]"
"noaa-tidal-8516945","noaa-tidal-8516945","Kings Point (8516945)","up","2025-01-29T20:31:39.084Z","tidal","2022-11-13T03:38:37",,,"[]"
"nyc-micronet-qntlcc","nyc-micronet-qntlcc","NYC Micronet weather station (QNTLCC)","up","2024-12-06T21:39:47.357Z","weather","2022-11-13T03:38:37",,,"[]"
"nyc-micronet-qnlici","nyc-micronet-qnlici","NYC Micronet weather station (QNLICI)","up","2024-12-06T21:33:14.784Z","weather","2022-11-13T03:38:37",,,"[]"
"floodnet-ltap-gw-323531324a002700","floodnet-ltap-gw-323531324a002700","FloodNet lTap - RISE Rockaway","up","2024-11-05T22:10:28.035Z","gateway","2024-07-18T03:38:37",,,"[]"
"floodnet-ltap-gw-5532322031005e00","floodnet-ltap-gw-5532322031005e00","FloodNet - ltap - City Island #1","up","2024-11-04T15:46:23.765Z","gateway","2024-07-18T03:38:37",,,"[]"
"fngw-10000","fngw-10000","floodnet in Hamilton Beach","up","2024-11-04T15:45:10.334Z","gateway","2024-07-18T03:38:37",,,"[]"
"fngw-10003","fngw-10003","floodnet at CSI R1 bldg - SI","up","2024-11-04T15:44:40.947Z","gateway","2024-07-18T03:38:37",,,"[]"
"fngw-10001","fngw-10001","CUNY ASRC Observatory","up","2024-11-04T15:43:53.098Z","gateway","2024-07-18T03:38:37",,,"[]"
"floodnet-ltap-gw-3235313249001d00","floodnet-ltap-gw-3235313249001d00","FloodNet/Mesh NYC - Thames","up","2024-10-31T15:05:20.967Z","gateway","2024-07-18T03:38:37","[""dep""]",,"[]"
"floodnet-ltap-gw-553232200e001300","floodnet-ltap-gw-553232200e001300","FloodNet ltap - PS181Q","up","2024-10-31T14:24:19.941Z","gateway","2024-07-18T03:38:37",,,"[]"
"total_happpy_dove","rg-00003",,"up","2024-08-20T14:50:02.084Z","pluvial","2022-11-13T03:38:37",,,"[]"
"owm-6003410967","owm-6003410967","Gowanus - openweathermap.org (owm-6003410967)","up","2024-07-03T20:51:50.212Z","weather","2022-11-13T03:38:37",,,"[]"
"owm-5717482","owm-5717482","Old Town Station - openweathermap.org (owm-5717482)","up","2024-07-03T20:51:50.212Z","weather","2022-11-13T03:38:37",,,"[]"
"owm-5670642","owm-5670642","Manhattan Community Board 12 - openweathermap.org (owm-5670642)","up","2024-07-03T20:51:50.212Z","weather","2022-11-13T03:38:37",,,"[]"
"owm-5669938","owm-5669938","Manhattan Community Board 1 - openweathermap.org (owm-5669938)","up","2024-07-03T20:51:50.212Z","weather","2022-11-13T03:38:37",,,"[]"
"owm-502760341","owm-502760341","East Village - openweathermap.org (owm-502760341)","up","2024-07-03T20:51:50.212Z","weather","2022-11-13T03:38:37",,,"[]"
"owm-3938132962","owm-3938132962","Manhattan Community Board 10 - openweathermap.org (owm-3938132962)","up","2024-07-03T20:51:50.212Z","weather","2022-11-13T03:38:37",,,"[]"
"owm-321074078","owm-321074078","Broad Channel - openweathermap.org (owm-321074078)","up","2024-07-03T20:51:50.212Z","weather","2022-11-13T03:38:37",,,"[]"
"owm-2886147374","owm-2886147374","Howard Beach - openweathermap.org (owm-2886147374)","up","2024-07-03T20:51:50.212Z","weather","2022-11-13T03:38:37",,,"[]"
"owm-2886147360","owm-2886147360","Hamilton Beach - openweathermap.org (owm-2886147360)","up","2024-07-03T20:51:50.212Z","weather","2022-11-13T03:38:37",,,"[]"
"owm-285051666","owm-285051666","Broad Channel - openweathermap.org (owm-285051666)","up","2024-07-03T20:51:50.212Z","weather","2022-11-13T03:38:37",,,"[]"
"owm-284831037","owm-284831037","City Island - openweathermap.org (owm-284831037)","up","2024-07-03T20:51:50.212Z","weather","2022-11-13T03:38:37",,,"[]"
"owm-284555482","owm-284555482","Linden Hill - openweathermap.org (owm-284555482)","up","2024-07-03T20:51:50.212Z","weather","2022-11-13T03:38:37",,,"[]"
"owm-2823256874","owm-2823256874","Manhattan Community Board 1 - openweathermap.org (owm-2823256874)","up","2024-07-03T20:51:50.212Z","weather","2022-11-13T03:38:37",,,"[]"
"owm-986763105","owm-986763105","undefined - openweathermap.org (owm-986763105)","up","2024-07-03T20:51:50.212Z","weather","2022-11-13T03:38:37",,,"[]"
"owm-2797747880","owm-2797747880","Manhattan Community Board 12 - openweathermap.org (owm-2797747880)","up","2024-07-03T20:51:50.212Z","weather","2022-11-13T03:38:37",,,"[]"
"owm-277881213","owm-277881213","Manhattan Community Board 1 - openweathermap.org (owm-277881213)","up","2024-07-03T20:51:50.212Z","weather","2022-11-13T03:38:37",,,"[]"
"owm-277829281","owm-277829281","Eastchester Heights - openweathermap.org (owm-277829281)","up","2024-07-03T20:51:50.212Z","weather","2022-11-13T03:38:37",,,"[]"
"owm-275310420","owm-275310420","Bronx County - openweathermap.org (owm-275310420)","up","2024-07-03T20:51:50.212Z","weather","2022-11-13T03:38:37",,,"[]"
"owm-2714244272","owm-2714244272","Manhattan Community Board 10 - openweathermap.org (owm-2714244272)","up","2024-07-03T20:51:50.212Z","weather","2022-11-13T03:38:37",,,"[]"
"owm-2552592652","owm-2552592652","undefined - openweathermap.org (owm-2552592652)","up","2024-07-03T20:51:50.212Z","weather","2022-11-13T03:38:37",,,"[]"
"owm-250264769","owm-250264769","Alphabet City - openweathermap.org (owm-250264769)","up","2024-07-03T20:51:50.212Z","weather","2022-11-13T03:38:37",,,"[]"
"owm-250264723","owm-250264723","East Village - openweathermap.org (owm-250264723)","up","2024-07-03T20:51:50.212Z","weather","2022-11-13T03:38:37",,,"[]"
"owm-250205377","owm-250205377","Cypress Hills - openweathermap.org (owm-250205377)","up","2024-07-03T20:51:50.212Z","weather","2022-11-13T03:38:37",,,"[]"
"owm-250156915","owm-250156915","undefined - openweathermap.org (owm-250156915)","up","2024-07-03T20:51:50.212Z","weather","2022-11-13T03:38:37",,,"[]"
"owm-248904724","owm-248904724","undefined - openweathermap.org (owm-248904724)","up","2024-07-03T20:51:50.212Z","weather","2022-11-13T03:38:37",,,"[]"
"owm-248841996","owm-248841996","Bellaire - openweathermap.org (owm-248841996)","up","2024-07-03T20:51:50.212Z","weather","2022-11-13T03:38:37",,,"[]"
"owm-248169061","owm-248169061","Red Hook - openweathermap.org (owm-248169061)","up","2024-07-03T20:51:50.212Z","weather","2022-11-13T03:38:37",,,"[]"
"owm-248253791","owm-248253791","Huguenot - openweathermap.org (owm-248253791)","up","2024-07-03T20:51:50.212Z","weather","2022-11-13T03:38:37",,,"[]"
"owm-248168007","owm-248168007","Red Hook - openweathermap.org (owm-248168007)","up","2024-07-03T20:51:50.212Z","weather","2022-11-13T03:38:37",,,"[]"
"owm-247651423","owm-247651423","Old Town Station - openweathermap.org (owm-247651423)","up","2024-07-03T20:51:50.212Z","weather","2022-11-13T03:38:37",,,"[]"
"owm-247425259","owm-247425259","Bulls Head - openweathermap.org (owm-247425259)","up","2024-07-03T20:51:50.212Z","weather","2022-11-13T03:38:37",,,"[]"
"owm-244091365","owm-244091365","undefined - openweathermap.org (owm-244091365)","up","2024-07-03T20:51:50.212Z","weather","2022-11-13T03:38:37",,,"[]"
"owm-241860784","owm-241860784","Gowanus - openweathermap.org (owm-241860784)","up","2024-07-03T20:51:50.212Z","weather","2022-11-13T03:38:37",,,"[]"
"owm-241854762","owm-241854762","Astoria - openweathermap.org (owm-241854762)","up","2024-07-03T20:51:50.212Z","weather","2022-11-13T03:38:37",,,"[]"
"owm-225157336","owm-225157336","Manhattan Community Board 10 - openweathermap.org (owm-225157336)","up","2024-07-03T20:51:50.212Z","weather","2022-11-13T03:38:37",,,"[]"
"owm-194923763","owm-194923763","Alphabet City - openweathermap.org (owm-194923763)","up","2024-07-03T20:51:50.212Z","weather","2022-11-13T03:38:37",,,"[]"
"owm-10856680810","owm-10856680810","undefined - openweathermap.org (owm-10856680810)","up","2024-07-03T20:51:50.212Z","weather","2022-11-13T03:38:37",,,"[]"
"owm-281890720","owm-281890720","Unionport - openweathermap.org (owm-281890720)","up","2024-07-03T20:51:50.212Z","weather","2022-11-13T03:38:37",,,"[]"
"owm-8333736444","owm-8333736444","Manhattan Community Board 1 - openweathermap.org (owm-8333736444)","up","2024-07-03T20:51:50.212Z","weather","2022-11-13T03:38:37",,,"[]"
"owm-6318658176","owm-6318658176","Hamilton Beach - openweathermap.org (owm-6318658176)","up","2024-07-03T20:51:50.212Z","weather","2022-11-13T03:38:37",,,"[]"
"owm-248258681","owm-248258681","Huguenot - openweathermap.org (owm-248258681)","up","2024-07-03T20:51:50.212Z","weather","2022-11-13T03:38:37",,,"[]"
"owm-677731265","owm-677731265","North Beach - openweathermap.org (owm-677731265)","up","2024-07-03T20:51:50.212Z","weather","2022-11-13T03:38:37",,,"[]"
"owm-832318577","owm-832318577","undefined - openweathermap.org (owm-832318577)","up","2024-07-03T20:51:50.212Z","weather","2022-11-13T03:38:37",,,"[]"
"owm-198597589","owm-198597589","undefined - openweathermap.org (owm-198597589)","up","2024-07-03T20:51:50.212Z","weather","2022-11-13T03:38:37",,,"[]"
"nyc-micronet-bkbrow","nyc-micronet-bkbrow","NYC Micronet weather station (BKBROW)","up","2024-07-03T20:50:25.111Z","weather","2022-11-13T03:38:37",,,"[]"
"nyc-micronet-qnhbea","nyc-micronet-qnhbea","NYC Micronet weather station (QNHBEA)","up","2024-07-03T20:50:25.111Z","weather","2022-11-13T03:38:37",,,"[]"
"nyc-micronet-qnmasp","nyc-micronet-qnmasp","NYC Micronet weather station (QNMASP)","up","2024-07-03T20:50:25.111Z","weather","2022-11-13T03:38:37",,,"[]"
"nws-knyc","nws-knyc","NWS NYC Weather station (KNYC)","up","2024-07-03T20:50:25.111Z","weather","2022-11-13T03:38:37",,,"[]"
"nyc-micronet-qncoro","nyc-micronet-qncoro","NYC Micronet weather station (QNCORO)","up","2024-07-03T20:50:25.111Z","weather","2022-11-13T03:38:37",,,"[]"
"nyc-micronet-mhchel","nyc-micronet-mhchel","NYC Micronet weather station (MHCHEL)","up","2024-07-03T20:50:25.111Z","weather","2022-11-13T03:38:37",,,"[]"
"nyc-micronet-mhalph","nyc-micronet-mhalph","NYC Micronet weather station (MHALPH)","up","2024-07-03T20:50:25.111Z","weather","2022-11-13T03:38:37",,,"[]"
"nyc-micronet-mhmhil","nyc-micronet-mhmhil","NYC Micronet weather station (MHMHIL)","up","2024-07-03T20:50:25.111Z","weather","2022-11-13T03:38:37",,,"[]"
"nyc-micronet-sifkil","nyc-micronet-sifkil","NYC Micronet weather station (SIFKIL)","up","2024-07-03T20:50:25.111Z","weather","2022-11-13T03:38:37",,,"[]"
"nws-klga","nws-klga","NWS LGA Weather station (KLGA)","up","2024-07-03T20:50:25.111Z","weather","2022-11-13T03:38:37",,,"[]"
"nws-kjfk","nws-kjfk","NWS JFK Weather station (KJFK)","up","2024-07-03T20:50:25.111Z","weather","2022-11-13T03:38:37",,,"[]"
"nyc-micronet-qnasto","nyc-micronet-qnasto","NYC Micronet weather station (QNASTO)","up","2024-07-03T20:50:25.111Z","weather","2022-11-13T03:38:37",,,"[]"
"nyc-micronet-qndkil","nyc-micronet-qndkil","NYC Micronet weather station (QNDKIL)","up","2024-07-03T20:50:25.111Z","weather","2022-11-13T03:38:37",,,"[]"
"nyc-micronet-qnsozo","nyc-micronet-qnsozo","NYC Micronet weather station (QNSOZO)","up","2024-07-03T20:50:25.111Z","weather","2022-11-13T03:38:37",,,"[]"
"nyc-micronet-bxvnst","nyc-micronet-bxvnst","NYC Micronet weather station (BXVNST)","up","2024-07-03T20:50:25.111Z","weather","2022-11-13T03:38:37",,,"[]"
"nyc-micronet-bknyrd","nyc-micronet-bknyrd","NYC Micronet weather station (BKNYRD)","up","2024-07-03T20:50:25.111Z","weather","2022-11-13T03:38:37",,,"[]"
"nyc-micronet-bkmapl","nyc-micronet-bkmapl","NYC Micronet weather station (BKMAPL)","up","2024-07-03T20:50:25.111Z","weather","2022-11-13T03:38:37",,,"[]"
"yearly_unique_eagle","ts-00001",,"up","2024-07-03T20:49:29.798Z","tidal",,,,"[]"